编号,小区人口数,横坐标,纵坐标,所属区域,需求,节点类别
1,2417,57.9025000000009,62.1323333333332,宽城区,966.8000000000001,31
2,9080,51.7922500000019,61.6066666666673,宽城区,3632.0,48
3,1333,54.8022500000016,54.8809999999994,宽城区,533.2,50
4,2658,54.2157500000009,67.8423333333337,宽城区,1063.2,43
5,3033,56.7305000000005,61.4793333333334,宽城区,1213.2,17
6,5450,47.8217500000007,65.6379999999999,宽城区,2180.0,55
7,3806,57.8710000000022,59.0090000000008,宽城区,1522.4,18
8,4853,53.9115000000017,68.6316666666661,宽城区,1941.2,20
9,2002,54.8905000000026,67.5750000000003,宽城区,800.8000000000001,16
10,2775,57.7405000000013,64.6423333333341,宽城区,1110.0,30
11,3504,58.3552500000017,69.7093333333333,宽城区,1401.6000000000001,37
12,1184,54.7114999999998,61.394,宽城区,473.6,69
13,2272,57.8122500000013,65.9596666666668,宽城区,908.8000000000001,19
14,5498,53.9822500000007,72.235333333334,宽城区,2199.2000000000003,55
15,2589,57.7500000000022,62.8986666666667,宽城区,1035.6000000000001,43
16,8007,60.6930000000006,66.1620000000009,宽城区,3202.8,0
17,2766,57.7760000000005,59.8536666666666,宽城区,1106.4,30
18,8960,58.3402500000005,68.8910000000007,宽城区,3584.0,52
19,1548,58.5285000000013,66.3123333333336,宽城区,619.2,2
20,3395,58.4544999999999,58.3376666666666,宽城区,1358.0,8
21,1027,58.9427499999999,62.9830000000003,宽城区,410.8,1
22,3825,46.3572499999998,60.5233333333336,宽城区,1530.0,18
23,1566,57.6880000000024,63.8290000000007,宽城区,626.4000000000001,2
24,1837,58.7832500000012,63.8556666666664,宽城区,734.8000000000001,64
25,2176,53.8170000000022,56.4060000000003,宽城区,870.4000000000001,19
26,2900,63.415250000002,53.2693333333327,宽城区,1160.0,40
27,1290,52.5747500000016,62.800333333333,宽城区,516.0,50
28,1361,58.7480000000014,64.5243333333336,宽城区,544.4,50
29,2000,60.3477500000018,57.4190000000006,宽城区,800.0,16
30,4008,60.7765000000029,62.9056666666656,宽城区,1603.2,27
31,6491,62.086500000003,49.1369999999994,宽城区,2596.4,54
32,673,56.6375000000008,60.8573333333335,宽城区,269.2,10
33,2831,59.8377499999998,62.9066666666679,宽城区,1132.4,40
34,3075,59.6325000000029,65.776666666667,宽城区,1230.0,17
35,4109,60.9169999999999,65.8056666666672,宽城区,1643.6000000000001,60
36,2009,57.3807500000001,50.3933333333322,宽城区,803.6,16
37,2766,48.2297500000009,64.2266666666676,宽城区,1106.4,30
38,2065,50.0002500000001,62.7279999999999,宽城区,826.0,22
39,1383,53.6187500000018,56.0169999999995,宽城区,553.2,4
40,3924,55.0770000000007,60.0593333333327,宽城区,1569.6000000000001,27
41,2654,59.885750000003,63.4889999999994,宽城区,1061.6000000000001,43
42,722,52.7995000000026,50.0903333333322,宽城区,288.8,14
43,2982,49.9330000000029,64.7716666666677,宽城区,1192.8,17
44,1722,52.3430000000005,65.1436666666664,宽城区,688.8000000000001,5
45,812,55.0882500000007,59.0463333333323,宽城区,324.8,14
46,5371,61.1080000000008,51.8816666666666,宽城区,2148.4,12
47,2238,50.7907500000009,63.6173333333332,宽城区,895.2,19
48,3719,58.6127500000018,50.521000000001,宽城区,1487.6000000000001,26
49,1963,59.2395000000003,54.916666666666,宽城区,785.2,16
50,3868,65.0430000000029,65.5423333333332,宽城区,1547.2,18
51,1982,63.6135000000024,60.0270000000004,宽城区,792.8000000000001,16
52,1228,53.5702499999999,66.1513333333327,宽城区,491.20000000000005,69
53,3479,51.4260000000029,67.8490000000001,宽城区,1391.6000000000001,8
54,3432,50.3230000000023,68.871333333334,宽城区,1372.8000000000002,8
55,1472,45.0910000000029,60.5900000000001,宽城区,588.8000000000001,4
56,1194,49.0952500000006,64.2953333333338,宽城区,477.6,69
57,1316,50.9847500000014,65.5789999999996,宽城区,526.4,50
58,960,55.1322499999998,59.1170000000005,宽城区,384.0,1
59,662,54.4555000000031,50.2733333333344,宽城区,264.8,10
60,1024,63.0052499999998,49.8153333333325,宽城区,409.6,1
61,1351,56.9412500000013,57.0769999999996,宽城区,540.4,50
62,874,60.5997500000015,56.7446666666669,宽城区,349.6,32
63,1260,50.2475000000011,63.8526666666669,宽城区,504.0,50
64,1202,51.5597500000027,66.7196666666664,宽城区,480.8,69
65,2168,60.3477500000018,57.4190000000006,宽城区,867.2,19
66,3205,58.9587500000022,60.1076666666671,宽城区,1282.0,21
67,1186,50.3947500000024,64.600000000001,宽城区,474.40000000000003,69
68,3762,58.7650000000011,53.2536666666677,宽城区,1504.8000000000002,18
69,1333,61.5987500000017,55.6713333333339,宽城区,533.2,50
70,1700,51.8547500000004,65.743,宽城区,680.0,5
71,1785,48.9105000000016,62.9513333333331,宽城区,714.0,5
72,1459,63.5242500000004,55.1300000000007,宽城区,583.6,4
73,992,51.7395000000001,65.1896666666663,宽城区,396.8,1
74,2023,62.1765000000032,59.6083333333345,宽城区,809.2,16
75,4649,64.1065000000012,64.5793333333344,宽城区,1859.6000000000001,39
76,3602,55.0707500000023,55.2303333333342,宽城区,1440.8000000000002,37
77,1796,50.4975000000023,64.8823333333345,宽城区,718.4000000000001,5
78,3400,57.1307500000025,48.4200000000001,宽城区,1360.0,8
79,923,54.7247500000019,60.6556666666667,宽城区,369.20000000000005,1
80,577,55.0224999999998,62.2456666666669,宽城区,230.8,10
81,886,44.7160000000011,62.0110000000006,宽城区,354.40000000000003,32
82,1349,57.9535,56.5443333333325,宽城区,539.6,50
83,1246,53.9822500000007,72.235333333334,宽城区,498.40000000000003,69
84,1285,53.5485000000016,51.730333333334,宽城区,514.0,50
85,1834,47.7665000000016,64.0469999999998,宽城区,733.6,64
86,2016,63.4414999999997,56.0196666666665,宽城区,806.4000000000001,16
87,1331,45.354500000002,61.487666666667,宽城区,532.4,50
88,203,56.3070000000003,58.835666666667,宽城区,81.2,63
89,788,53.5545000000006,67.9903333333343,宽城区,315.20000000000005,14
90,1096,50.5167499999999,63.039000000001,宽城区,438.40000000000003,47
91,491,55.15325,57.4269999999994,宽城区,196.4,24
92,1801,50.1557500000018,61.6383333333322,宽城区,720.4000000000001,5
93,313,55.384250000003,61.4433333333343,宽城区,125.2,9
94,1516,61.6057500000018,56.6190000000001,宽城区,606.4,2
95,855,53.4842500000003,52.0953333333338,宽城区,342.0,32
96,1496,49.0225000000031,61.387000000001,宽城区,598.4,4
97,2265,60.34425,58.3703333333337,宽城区,906.0,19
98,2042,52.8147500000031,63.788,宽城区,816.8000000000001,22
99,3574,58.6385000000007,69.428666666667,宽城区,1429.6000000000001,37
100,1346,50.4215000000023,63.3783333333327,宽城区,538.4,50
101,1715,63.6787500000011,59.4810000000005,宽城区,686.0,5
102,1246,53.8957500000024,55.5356666666664,宽城区,498.40000000000003,50
103,905,56.9907500000006,59.6099999999993,宽城区,362.0,1
104,1144,46.3942500000023,61.2043333333337,宽城区,457.6,47
105,801,58.9515000000027,56.3643333333322,宽城区,320.40000000000003,14
106,381,55.1727500000006,59.0189999999993,宽城区,152.4,9
107,519,60.1197500000019,56.7223333333331,宽城区,207.60000000000002,24
108,1545,57.0785000000029,52.7456666666666,宽城区,618.0,2
109,1307,58.7772500000021,60.6946666666678,宽城区,522.8000000000001,50
110,1262,51.690500000003,59.0806666666666,宽城区,504.8,50
111,480,51.1395000000015,62.8676666666668,宽城区,192.0,24
112,484,54.5834999999997,62.7550000000004,宽城区,193.60000000000002,24
113,252,56.5727500000008,50.263666666666,宽城区,100.80000000000001,63
114,2632,54.562500000003,52.5376666666659,宽城区,1052.8,43
115,511,56.7502500000003,58.644000000001,宽城区,204.4,24
116,1405,62.6397500000024,57.4533333333325,宽城区,562.0,4
117,1148,59.0012500000015,51.3423333333331,宽城区,459.20000000000005,47
118,274,52.2165000000001,50.612000000001,宽城区,109.60000000000001,63
119,462,52.4769999999997,62.3896666666658,宽城区,184.8,24
120,77,56.0749999999999,60.2299999999995,宽城区,30.8,23
121,1267,51.5605000000008,50.3283333333329,宽城区,506.8,50
122,394,48.9355000000025,63.9296666666667,宽城区,157.60000000000002,9
123,4224,54.6070000000007,50.9529999999998,宽城区,1689.6000000000001,6
124,802,59.9782500000003,54.9913333333336,宽城区,320.8,14
125,843,49.2247500000005,63.6266666666667,宽城区,337.20000000000005,32
126,1070,51.3022500000027,64.7013333333343,宽城区,428.0,47
127,207,56.5147500000016,58.3173333333325,宽城区,82.80000000000001,63
128,556,52.8707500000003,51.9970000000001,宽城区,222.4,10
129,846,47.9235000000031,64.403666666666,宽城区,338.40000000000003,32
130,1135,62.8127500000026,50.4559999999993,宽城区,454.0,47
131,1049,54.9237500000004,53.1349999999999,宽城区,419.6,1
132,597,56.6107500000008,57.7023333333339,宽城区,238.8,10
133,746,57.6152500000013,57.0216666666662,宽城区,298.40000000000003,14
134,922,62.5437499999997,59.3339999999998,宽城区,368.8,1
135,144,52.9295000000012,50.5646666666664,宽城区,57.6,23
136,1971,52.2072500000022,67.5113333333333,宽城区,788.4000000000001,16
137,854,63.6792499999999,50.285,宽城区,341.6,32
138,1684,63.2495000000013,49.093333333334,宽城区,673.6,2
139,1410,63.7354999999999,58.6979999999997,宽城区,564.0,4
140,504,56.9102500000014,57.3946666666672,宽城区,201.60000000000002,24
141,783,47.08325,61.7830000000007,宽城区,313.20000000000005,14
142,1190,52.069000000003,62.8876666666661,宽城区,476.0,69
143,254,55.1322499999998,59.1170000000005,宽城区,101.60000000000001,63
144,1963,58.6070000000021,52.6653333333324,宽城区,785.2,16
145,1418,45.9142500000027,60.1036666666677,宽城区,567.2,4
146,241,60.9357500000023,55.522666666666,宽城区,96.4,63
147,646,58.0617500000002,49.724,宽城区,258.40000000000003,10
148,1959,55.5490000000027,51.7966666666657,宽城区,783.6,16
149,1664,58.8405000000023,61.2289999999997,宽城区,665.6,2
150,669,51.9722500000022,64.2986666666658,宽城区,267.6,10
151,756,47.1874999999997,61.7479999999991,宽城区,302.40000000000003,14
152,464,52.3629999999997,65.0513333333341,宽城区,185.60000000000002,24
153,729,51.3022500000027,64.7013333333343,宽城区,291.6,14
154,785,52.1952500000005,50.2013333333338,宽城区,314.0,14
155,871,63.0387500000005,50.7500000000007,宽城区,348.40000000000003,32
156,835,62.2507500000005,57.2690000000004,宽城区,334.0,32
157,1705,54.338750000003,68.6196666666656,宽城区,682.0,5
158,1081,59.5750000000024,52.1300000000006,宽城区,432.40000000000003,47
159,662,45.5550000000002,62.7153333333344,宽城区,264.8,10
160,1044,55.7775000000014,60.7680000000007,宽城区,417.6,1
161,1095,61.7390000000029,49.7873333333345,宽城区,438.0,47
162,514,51.4812500000019,63.4970000000005,宽城区,205.60000000000002,24
163,972,62.3865000000023,56.5113333333329,宽城区,388.8,1
164,261,55.384250000003,61.4433333333343,宽城区,104.4,63
165,951,47.2410000000032,68.2100000000006,宽城区,380.40000000000003,1
166,2792,53.6187500000018,56.0169999999995,宽城区,1116.8,30
167,523,51.7752500000022,63.2043333333338,宽城区,209.20000000000002,24
168,1315,63.3510000000008,60.7009999999993,宽城区,526.0,50
169,7330,65.2070000000009,43.5193333333335,二道区,2932.0,51
170,6309,70.6389999999999,43.3019999999994,二道区,2523.6000000000004,28
171,3659,67.0455000000025,44.8019999999995,二道区,1463.6000000000001,26
172,7817,71.0104999999999,42.3813333333338,二道区,3126.8,13
173,11489,69.8310000000006,42.307666666666,二道区,4595.6,65
174,4315,71.8337499999997,43.1526666666666,二道区,1726.0,6
175,6719,69.9232500000022,43.5033333333337,二道区,2687.6000000000004,41
176,5153,71.3410000000003,44.7013333333336,二道区,2061.2000000000003,7
177,7266,70.9077499999999,48.6473333333327,二道区,2906.4,51
178,1995,65.6145000000024,39.4813333333322,二道区,798.0,16
179,3126,67.4835000000016,44.9409999999991,二道区,1250.4,21
180,1758,65.1020000000031,44.6479999999999,二道区,703.2,5
181,2220,70.4530000000005,44.5366666666658,二道区,888.0,19
182,6031,68.0390000000024,43.3956666666665,二道区,2412.4,15
183,7397,66.9890000000031,42.9203333333324,二道区,2958.8,11
184,2534,67.4700000000001,39.0753333333341,二道区,1013.6,29
185,5378,67.5625000000011,58.1083333333344,二道区,2151.2000000000003,12
186,5930,67.5870000000032,50.6076666666668,二道区,2372.0,42
187,3980,69.0390000000001,39.5840000000002,二道区,1592.0,27
188,1460,69.7945000000004,45.4456666666658,二道区,584.0,4
189,2963,72.0280000000031,42.1359999999993,二道区,1185.2,17
190,1811,69.7312500000002,45.8216666666663,二道区,724.4000000000001,5
191,7681,70.0029999999998,39.8693333333332,二道区,3072.4,13
192,7986,68.2335000000016,42.637999999999,二道区,3194.4,0
193,4413,68.114750000003,41.1993333333337,二道区,1765.2,62
194,5100,69.7045000000003,47.0169999999991,二道区,2040.0,7
195,1872,65.8477499999997,49.3159999999998,二道区,748.8000000000001,64
196,3173,72.0170000000024,44.6949999999996,二道区,1269.2,21
197,1767,65.8357500000015,41.4786666666676,二道区,706.8000000000001,5
198,4834,70.3942499999997,41.3066666666661,二道区,1933.6000000000001,20
199,2875,70.0060000000029,40.9626666666677,二道区,1150.0,40
200,3766,70.559750000001,49.0126666666673,二道区,1506.4,18
201,2307,73.0965000000019,41.2473333333333,二道区,922.8000000000001,70
202,1249,67.4495000000022,40.6616666666674,二道区,499.6,69
203,1313,68.8207500000004,45.4253333333341,二道区,525.2,50
204,1936,69.503000000001,46.5639999999989,二道区,774.4000000000001,16
205,1766,68.6260000000019,44.944666666666,二道区,706.4000000000001,5
206,6361,67.4650000000021,51.4933333333332,二道区,2544.4,33
207,5774,67.9890000000007,46.3366666666663,二道区,2309.6,68
208,2585,70.9370000000007,39.5800000000008,二道区,1034.0,43
209,2987,69.59625,57.4040000000006,二道区,1194.8,17
210,2366,69.3262500000031,41.4773333333329,二道区,946.4000000000001,31
211,4704,69.9552500000031,51.4926666666658,二道区,1881.6000000000001,39
212,792,68.8075000000019,40.7203333333328,二道区,316.8,14
213,3119,67.0072500000032,47.1010000000002,二道区,1247.6000000000001,21
214,1398,70.231500000002,46.1833333333341,二道区,559.2,4
215,2077,69.9922500000021,47.4993333333345,二道区,830.8000000000001,22
216,1178,67.3405000000003,41.3523333333335,二道区,471.20000000000005,69
217,1648,70.0682500000021,44.8796666666667,二道区,659.2,2
218,2413,75.0100000000025,44.2876666666668,二道区,965.2,31
219,5284,68.2197500000008,63.7376666666659,二道区,2113.6,12
220,1084,68.8552500000021,40.1993333333337,二道区,433.6,47
221,10019,71.1820000000003,57.1376666666671,二道区,4007.6000000000004,35
222,2135,69.585,58.3160000000002,二道区,854.0,22
223,4076,67.1447500000006,55.1953333333325,二道区,1630.4,60
224,1472,70.7070000000023,45.4496666666676,二道区,588.8000000000001,4
225,2421,66.4147499999999,42.1363333333342,二道区,968.4000000000001,31
226,1169,66.6195000000016,41.6906666666677,二道区,467.6,69
227,3299,67.8917500000011,59.8916666666677,二道区,1319.6000000000001,56
228,868,67.2449999999998,45.3240000000008,二道区,347.20000000000005,32
229,4267,67.7777500000012,50.9953333333328,二道区,1706.8000000000002,6
230,3823,68.0195000000019,61.0740000000002,二道区,1529.2,18
231,3497,68.584750000003,56.5063333333337,二道区,1398.8000000000002,37
232,906,65.832750000002,41.9300000000007,二道区,362.40000000000003,1
233,2065,71.9242500000021,48.2853333333324,二道区,826.0,22
234,2004,71.2740000000025,40.6730000000006,二道区,801.6,16
235,2065,68.6057499999997,57.3763333333327,二道区,826.0,22
236,434,65.6050000000015,40.3049999999989,二道区,173.60000000000002,24
237,2561,67.8677500000013,53.3953333333344,二道区,1024.4,29
238,1902,68.5165000000012,54.5139999999999,二道区,760.8000000000001,64
239,2312,70.3790000000026,57.6736666666662,二道区,924.8000000000001,70
240,1277,69.9922500000021,47.4993333333345,二道区,510.8,50
241,2263,66.8035000000025,60.9076666666676,二道区,905.2,19
242,1431,66.9652500000026,48.7036666666659,二道区,572.4,4
243,2884,67.7680000000009,61.5009999999998,二道区,1153.6000000000001,40
244,2872,68.6190000000018,52.4666666666676,二道区,1148.8,40
245,3599,74.109,57.3783333333324,二道区,1439.6000000000001,37
246,756,67.3145000000019,46.0009999999992,二道区,302.40000000000003,14
247,3384,73.2752500000018,57.1300000000008,二道区,1353.6000000000001,8
248,8489,68.5155000000002,65.0093333333336,二道区,3395.6000000000004,49
249,1182,72.0745000000029,40.079666666666,二道区,472.8,69
250,2152,69.0045000000019,41.4869999999989,二道区,860.8000000000001,22
251,1122,67.2635000000028,57.6879999999989,二道区,448.8,47
252,236,66.2149999999997,38.9696666666666,二道区,94.4,63
253,642,66.4905000000005,39.2003333333335,二道区,256.8,10
254,2401,65.4297499999998,40.5149999999992,二道区,960.4000000000001,31
255,309,66.8710000000026,40.6519999999991,二道区,123.60000000000001,9
256,637,73.2577499999998,41.9719999999989,二道区,254.8,10
257,1010,67.7127500000019,58.4186666666658,二道区,404.0,1
258,1187,67.5457500000007,47.2323333333335,二道区,474.8,69
259,597,66.6457500000028,40.6716666666659,二道区,238.8,10
260,768,68.2345000000026,41.9116666666663,二道区,307.20000000000005,14
261,639,69.5675000000016,45.1029999999998,二道区,255.60000000000002,10
262,1941,68.2365000000011,47.5143333333345,二道区,776.4000000000001,16
263,659,65.5497500000024,41.1666666666667,二道区,263.6,10
264,1745,71.6050000000017,39.5109999999998,二道区,698.0,5
265,1470,67.9492500000016,58.1359999999999,二道区,588.0,4
266,971,66.3170000000015,44.3266666666678,二道区,388.40000000000003,1
267,1081,66.4647500000015,40.1989999999988,二道区,432.40000000000003,47
268,5157,69.9977500000024,58.8849999999989,二道区,2062.8,7
269,1215,70.0540000000025,41.5126666666671,二道区,486.0,69
270,1536,67.8677500000013,53.3953333333344,二道区,614.4000000000001,2
271,742,66.4862500000005,38.8786666666666,二道区,296.8,14
272,861,66.8150000000019,39.0826666666655,二道区,344.40000000000003,32
273,2383,67.4830000000029,56.2830000000005,二道区,953.2,31
274,5828,68.5937500000016,48.4993333333345,二道区,2331.2000000000003,42
275,600,73.4787500000032,46.5469999999992,二道区,240.0,10
276,2563,67.9630000000024,57.2583333333322,二道区,1025.2,29
277,706,69.8187500000032,38.9293333333332,二道区,282.40000000000003,14
278,3936,69.6635000000008,61.6096666666669,二道区,1574.4,27
279,969,71.3612500000025,41.3580000000001,二道区,387.6,1
280,4251,68.8562500000032,64.346333333333,二道区,1700.4,6
281,2344,67.5355000000018,56.5243333333333,二道区,937.6,70
282,356,69.4442500000001,39.8613333333344,二道区,142.4,9
283,1082,65.832750000002,41.9300000000007,二道区,432.8,47
284,364,66.2754999999997,40.3589999999999,二道区,145.6,9
285,1078,66.6195000000016,45.9313333333332,二道区,431.20000000000005,47
286,320,71.2460000000021,45.5193333333336,二道区,128.0,9
287,1368,68.5475000000011,38.6373333333339,二道区,547.2,4
288,2730,71.3822500000028,39.2500000000003,二道区,1092.0,30
289,698,72.0652500000014,39.7076666666673,二道区,279.2,14
290,1874,71.5325,38.8893333333324,二道区,749.6,64
291,813,73.0240000000002,40.2286666666664,二道区,325.20000000000005,32
292,2251,72.8752500000027,52.7230000000003,二道区,900.4000000000001,19
293,636,67.7127500000019,58.4186666666658,二道区,254.4,10
294,834,68.6575000000005,55.8036666666671,二道区,333.6,32
295,1395,67.1999999999997,45.9193333333327,二道区,558.0,4
296,652,71.5452499999998,39.9043333333324,二道区,260.8,10
297,238,66.8710000000026,40.6519999999991,二道区,95.2,63
298,1086,73.2377500000006,38.7406666666668,二道区,434.40000000000003,47
299,2471,67.5707500000016,57.0326666666669,二道区,988.4000000000001,31
300,478,69.2700000000031,40.5936666666662,二道区,191.20000000000002,24
301,667,72.8875000000002,40.4983333333343,二道区,266.8,10
302,481,72.2457500000004,39.4323333333328,二道区,192.4,24
303,572,70.2914999999997,38.7756666666661,二道区,228.8,10
304,2189,67.7777500000012,50.9953333333328,二道区,875.6,19
305,2683,72.004500000002,47.5986666666657,二道区,1073.2,43
306,1459,71.911250000003,38.7269999999991,二道区,583.6,4
307,901,67.6270000000017,46.9873333333339,二道区,360.40000000000003,1
308,714,72.6265000000019,38.8639999999991,二道区,285.6,14
309,2379,68.8107500000008,53.6336666666675,二道区,951.6,31
310,3557,73.2752500000018,57.1300000000008,二道区,1422.8000000000002,37
311,3872,69.3222500000026,61.0029999999995,二道区,1548.8000000000002,18
312,695,67.0680000000026,46.2246666666673,二道区,278.0,14
313,449,66.2495000000014,40.6860000000009,二道区,179.60000000000002,24
314,774,65.9745000000029,40.8373333333335,二道区,309.6,14
315,3781,72.5817500000012,42.3003333333322,二道区,1512.4,18
316,3664,69.3642500000031,59.6553333333342,二道区,1465.6000000000001,26
317,1374,68.8655000000011,43.8463333333322,二道区,549.6,4
318,818,72.8377500000015,49.9763333333334,二道区,327.20000000000005,32
319,833,72.8074999999997,39.5073333333329,二道区,333.20000000000005,32
320,706,72.1877500000012,38.7739999999989,二道区,282.40000000000003,14
321,1849,72.8207500000018,55.0146666666673,二道区,739.6,64
322,553,66.0505000000029,39.7259999999993,二道区,221.20000000000002,24
323,338,66.5995000000024,47.0250000000003,二道区,135.20000000000002,9
324,214,68.9507500000026,38.9596666666658,二道区,85.60000000000001,63
325,699,70.5227500000021,41.2876666666667,二道区,279.6,14
326,736,68.5830000000003,53.7353333333333,二道区,294.40000000000003,14
327,1068,68.5252500000004,39.0930000000012,二道区,427.20000000000005,1
328,426,69.8187500000032,38.9293333333332,二道区,170.4,9
329,977,67.5542500000006,38.5156666666665,二道区,390.8,1
330,666,74.0815000000019,49.0889999999998,二道区,266.40000000000003,10
331,1356,70.9105000000001,40.3210000000011,二道区,542.4,50
332,1329,68.5867500000015,51.2626666666662,二道区,531.6,50
333,1854,73.8367500000017,46.5983333333332,二道区,741.6,64
334,1589,73.0557500000018,45.5876666666673,二道区,635.6,2
335,929,67.4530000000004,60.4033333333334,二道区,371.6,1
336,1857,68.2112500000009,54.2543333333327,二道区,742.8000000000001,64
337,1514,67.2577500000031,45.353666666666,二道区,605.6,2
338,5084,42.7587500000008,34.7663333333325,朝阳区,2033.6000000000001,7
339,7500,48.6890000000031,37.4113333333336,朝阳区,3000.0,11
340,4024,41.4762500000023,34.6256666666657,朝阳区,1609.6000000000001,27
341,11681,49.436,28.8456666666666,朝阳区,4672.400000000001,36
342,15044,50.0287500000027,32.9000000000003,朝阳区,6017.6,59
343,4064,41.05925,33.9420000000009,朝阳区,1625.6000000000001,60
344,5865,38.9782500000031,32.6666666666663,朝阳区,2346.0,42
345,2641,43.1792500000014,34.5699999999998,朝阳区,1056.4,43
346,3002,39.8992500000013,32.6923333333345,朝阳区,1200.8,17
347,3721,43.1380000000026,35.9473333333327,朝阳区,1488.4,26
348,7011,49.4112500000021,30.8456666666667,朝阳区,2804.4,58
349,3500,49.8012500000016,36.6850000000009,朝阳区,1400.0,37
350,4149,47.9060000000011,38.673333333333,朝阳区,1659.6000000000001,6
351,2790,46.755000000001,36.3083333333331,朝阳区,1116.0,30
352,8168,45.3055000000013,38.503666666666,朝阳区,3267.2000000000003,44
353,8963,37.722500000001,31.4546666666663,朝阳区,3585.2000000000003,52
354,1375,43.7717500000012,33.9893333333331,朝阳区,550.0,4
355,7917,45.7562500000002,32.5050000000005,朝阳区,3166.8,0
356,3662,53.6750000000019,30.5823333333327,朝阳区,1464.8000000000002,26
357,10302,50.5845000000029,47.3339999999993,朝阳区,4120.8,3
358,2870,42.6297499999997,32.2780000000004,朝阳区,1148.0,40
359,3865,46.0590000000032,38.3373333333334,朝阳区,1546.0,18
360,4576,47.7457500000007,37.2023333333331,朝阳区,1830.4,66
361,2243,55.2877500000015,37.9166666666677,朝阳区,897.2,19
362,2316,48.3469999999997,39.4583333333335,朝阳区,926.4000000000001,70
363,10110,49.3027500000025,45.7419999999994,朝阳区,4044.0,35
364,1089,42.226000000003,35.3236666666656,朝阳区,435.6,47
365,8045,52.6075000000006,41.7966666666677,朝阳区,3218.0,0
366,2645,55.0400000000018,47.8146666666675,朝阳区,1058.0,43
367,2634,46.0245000000015,35.5323333333336,朝阳区,1053.6000000000001,43
368,1315,44.117,35.790000000001,朝阳区,526.0,50
369,3297,54.6132500000027,36.2643333333329,朝阳区,1318.8000000000002,56
370,1867,43.1577500000024,30.4329999999998,朝阳区,746.8000000000001,64
371,1209,55.3457500000008,34.1133333333327,朝阳区,483.6,69
372,7821,55.6372500000002,40.1703333333335,朝阳区,3128.4,13
373,9143,50.7447499999998,47.0639999999989,朝阳区,3657.2000000000003,48
374,1962,39.8507500000029,32.4993333333339,朝阳区,784.8000000000001,16
375,1535,49.1017500000019,35.8400000000003,朝阳区,614.0,2
376,2949,51.8022500000015,28.1286666666674,朝阳区,1179.6000000000001,17
377,3337,47.8025000000031,32.0830000000001,朝阳区,1334.8000000000002,8
378,3375,44.2440000000026,37.4983333333342,朝阳区,1350.0,8
379,1188,54.7885000000008,37.8683333333333,朝阳区,475.20000000000005,69
380,1099,43.0910000000004,33.8939999999989,朝阳区,439.6,47
381,9794,44.5020000000014,30.2343333333326,朝阳区,3917.6000000000004,45
382,1275,55.0025000000005,37.6600000000001,朝阳区,510.0,50
383,1497,42.6557500000016,33.1130000000002,朝阳区,598.8000000000001,4
384,1875,43.023250000001,31.3396666666677,朝阳区,750.0,64
385,8023,53.2867500000016,46.6646666666672,朝阳区,3209.2000000000003,0
386,2229,51.872000000003,28.9886666666656,朝阳区,891.6,19
387,1326,44.9032500000008,37.0119999999995,朝阳区,530.4,50
388,1876,51.1505000000021,46.4379999999996,朝阳区,750.4000000000001,64
389,4295,54.5055000000012,46.9350000000001,朝阳区,1718.0,6
390,1446,54.2540000000003,28.5689999999998,朝阳区,578.4,4
391,2959,49.9965000000024,46.1433333333332,朝阳区,1183.6000000000001,17
392,2259,53.8205000000005,29.2243333333341,朝阳区,903.6,19
393,1556,46.487250000002,28.0286666666664,朝阳区,622.4000000000001,2
394,3949,55.2700000000002,41.1833333333339,朝阳区,1579.6000000000001,27
395,5720,48.5842500000011,44.4943333333328,朝阳区,2288.0,68
396,1436,44.3767500000014,34.0413333333345,朝阳区,574.4,4
397,1525,43.4257500000008,34.5646666666658,朝阳区,610.0,2
398,2399,54.459750000003,35.8293333333322,朝阳区,959.6,31
399,4714,51.1675000000018,48.6933333333326,朝阳区,1885.6000000000001,39
400,1942,50.5375000000008,38.6886666666679,朝阳区,776.8000000000001,16
401,1702,44.9685000000031,34.5216666666678,朝阳区,680.8000000000001,5
402,1259,42.8022500000012,35.9610000000004,朝阳区,503.6,50
403,4832,55.3857500000028,42.2793333333331,朝阳区,1932.8000000000002,20
404,2859,53.5727500000007,41.7326666666658,朝阳区,1143.6000000000001,40
405,1851,50.4275000000014,47.8533333333336,朝阳区,740.4000000000001,64
406,1377,43.8472500000025,36.1900000000001,朝阳区,550.8000000000001,4
407,1691,46.7430000000029,40.1169999999998,朝阳区,676.4000000000001,5
408,1475,47.3302500000017,37.521333333333,朝阳区,590.0,4
409,5681,54.2140000000018,39.1476666666672,朝阳区,2272.4,34
410,2738,46.913,32.3436666666671,朝阳区,1095.2,30
411,1124,42.6297499999997,32.2780000000004,朝阳区,449.6,47
412,4869,55.6465000000017,38.6046666666668,朝阳区,1947.6000000000001,20
413,6991,54.0612500000002,39.9173333333328,朝阳区,2796.4,58
414,2372,42.3532500000015,35.7223333333323,朝阳区,948.8000000000001,31
415,1785,56.2065000000018,31.9006666666676,朝阳区,714.0,5
416,1926,40.3907500000003,32.7780000000004,朝阳区,770.4000000000001,16
417,2696,48.0877500000005,36.7916666666659,朝阳区,1078.4,43
418,3689,52.3082500000029,49.2616666666663,朝阳区,1475.6000000000001,26
419,4378,51.9397500000025,43.1969999999993,朝阳区,1751.2,62
420,2490,48.7022500000016,33.2389999999994,朝阳区,996.0,29
421,3574,53.8605000000025,38.3556666666678,朝阳区,1429.6000000000001,37
422,10461,51.1017500000008,29.0256666666669,朝阳区,4184.400000000001,3
423,1663,42.5135000000019,35.5863333333322,朝阳区,665.2,2
424,341,55.8482500000004,37.191,朝阳区,136.4,9
425,3615,55.1452500000025,45.0063333333333,朝阳区,1446.0,37
426,847,54.5630000000017,30.4916666666675,朝阳区,338.8,32
427,2787,53.4472500000014,47.2843333333325,朝阳区,1114.8,30
428,5487,55.240750000003,30.4246666666662,朝阳区,2194.8,55
429,1795,47.2305000000013,36.9249999999989,朝阳区,718.0,5
430,3473,52.5580000000012,46.7236666666674,朝阳区,1389.2,8
431,6283,57.0777500000013,39.4053333333323,朝阳区,2513.2000000000003,28
432,3546,48.2467500000006,43.3753333333324,朝阳区,1418.4,37
433,1120,45.7277500000011,28.5146666666662,朝阳区,448.0,47
434,2044,49.4824999999999,46.8680000000011,朝阳区,817.6,22
435,1949,54.7005000000027,30.8813333333333,朝阳区,779.6,16
436,1282,54.4825000000024,37.5873333333322,朝阳区,512.8000000000001,50
437,3808,54.8747499999998,40.3906666666671,朝阳区,1523.2,18
438,2502,49.4079999999997,38.2160000000009,朝阳区,1000.8000000000001,29
439,1569,44.8500000000003,37.5233333333327,朝阳区,627.6,2
440,5586,57.0617500000026,38.8106666666677,朝阳区,2234.4,34
441,2390,51.4270000000003,44.4186666666677,朝阳区,956.0,31
442,847,47.1719999999998,41.1203333333342,朝阳区,338.8,32
443,4196,57.441500000003,47.6956666666671,朝阳区,1678.4,6
444,872,44.3787499999999,34.5033333333333,朝阳区,348.8,32
445,4201,48.1580000000008,45.1623333333326,朝阳区,1680.4,6
446,1714,53.8270000000018,47.566000000001,朝阳区,685.6,5
447,3559,53.1375000000018,39.4333333333326,朝阳区,1423.6000000000001,37
448,1162,50.9612500000003,47.5773333333341,朝阳区,464.8,69
449,2504,47.2510000000028,35.708666666667,朝阳区,1001.6,29
450,709,45.8377500000005,36.8056666666661,朝阳区,283.6,14
451,2546,50.519750000003,37.5613333333339,朝阳区,1018.4000000000001,29
452,1156,40.3907500000003,32.7780000000004,朝阳区,462.40000000000003,47
453,1826,48.9947500000021,32.853333333333,朝阳区,730.4000000000001,5
454,581,42.5300000000028,34.0070000000002,朝阳区,232.4,10
455,1316,51.243000000003,48.3373333333338,朝阳区,526.4,50
456,4903,49.136500000003,29.9833333333339,朝阳区,1961.2,20
457,190,54.7667500000024,31.5989999999999,朝阳区,76.0,63
458,2944,49.8890000000003,42.4803333333325,朝阳区,1177.6000000000001,17
459,3017,50.3660000000004,42.9369999999996,朝阳区,1206.8,17
460,1297,43.0295000000029,31.2313333333331,朝阳区,518.8000000000001,50
461,825,50.547250000001,44.6893333333331,朝阳区,330.0,32
462,2320,40.2895000000001,33.0413333333344,朝阳区,928.0,70
463,2287,47.8210000000026,40.9243333333341,朝阳区,914.8000000000001,19
464,1473,53.9912500000028,45.526,朝阳区,589.2,4
465,1022,42.4505000000011,32.7006666666658,朝阳区,408.8,1
466,529,43.9635000000003,36.4696666666665,朝阳区,211.60000000000002,24
467,1225,55.8715000000021,34.8163333333342,朝阳区,490.0,69
468,3061,48.1520000000018,43.6596666666678,朝阳区,1224.4,17
469,3197,52.6495000000011,28.1043333333339,朝阳区,1278.8000000000002,21
470,1968,47.6155000000027,36.3503333333336,朝阳区,787.2,16
471,1807,52.805750000001,46.8716666666656,朝阳区,722.8000000000001,5
472,1580,53.2240000000002,41.6263333333333,朝阳区,632.0,2
473,918,42.0417500000028,33.0766666666662,朝阳区,367.20000000000005,1
474,844,50.5722500000019,36.9446666666657,朝阳区,337.6,32
475,3206,47.2482500000027,36.6156666666673,朝阳区,1282.4,21
476,1905,47.5677500000025,42.207,朝阳区,762.0,64
477,384,57.4562500000013,41.6526666666665,朝阳区,153.60000000000002,9
478,1423,43.4762500000012,30.6846666666658,朝阳区,569.2,4
479,1679,55.6550000000016,41.374,朝阳区,671.6,2
480,1499,45.9275000000012,34.6136666666676,朝阳区,599.6,4
481,1151,44.0175000000025,33.5239999999999,朝阳区,460.40000000000003,47
482,7939,54.8675000000003,46.1189999999997,朝阳区,3175.6000000000004,0
483,2391,48.0875000000012,31.6766666666671,朝阳区,956.4000000000001,31
484,814,46.5582500000004,35.3370000000008,朝阳区,325.6,32
485,3180,53.9577500000021,40.0026666666662,朝阳区,1272.0,21
486,5043,59.7397500000021,42.6829999999991,朝阳区,2017.2,25
487,1090,50.8030000000019,47.7693333333325,朝阳区,436.0,47
488,1323,58.7499999999999,41.558666666667,朝阳区,529.2,50
489,771,46.0207500000003,38.6783333333322,朝阳区,308.40000000000003,14
490,1293,48.1312500000009,31.0109999999995,朝阳区,517.2,50
491,1761,47.7070000000026,40.5263333333323,朝阳区,704.4000000000001,5
492,1105,47.7765000000012,40.167333333334,朝阳区,442.0,47
493,1571,46.6342500000003,41.4790000000001,朝阳区,628.4000000000001,2
494,784,42.5044999999997,34.1686666666661,朝阳区,313.6,14
495,858,54.4355000000003,43.7820000000002,朝阳区,343.20000000000005,32
496,1344,45.4932499999998,34.4499999999997,朝阳区,537.6,50
497,820,48.0210000000021,41.0759999999992,朝阳区,328.0,32
498,4646,50.2395,25.4876666666656,朝阳区,1858.4,39
499,2412,53.8690000000024,40.4699999999991,朝阳区,964.8000000000001,31
500,1007,47.5845000000028,41.4023333333328,朝阳区,402.8,1
501,1434,46.6875000000009,40.4630000000002,朝阳区,573.6,4
502,1858,48.6280000000008,43.6720000000008,朝阳区,743.2,64
503,278,54.235000000002,41.4433333333335,朝阳区,111.2,63
504,2278,54.5550000000006,39.2843333333322,朝阳区,911.2,19
505,2246,47.8065000000001,37.5653333333332,朝阳区,898.4000000000001,19
506,762,46.6577500000014,35.3806666666661,朝阳区,304.8,14
507,3465,53.265500000002,39.4829999999994,朝阳区,1386.0,8
508,904,45.3195000000015,38.0323333333337,朝阳区,361.6,1
509,1456,43.4820000000009,31.9753333333329,朝阳区,582.4,4
510,1392,44.9747500000015,36.9633333333326,朝阳区,556.8000000000001,4
511,666,54.8445000000015,41.8556666666656,朝阳区,266.40000000000003,10
512,557,48.0750000000008,41.716000000001,朝阳区,222.8,10
513,2761,50.0372500000026,40.495,朝阳区,1104.4,30
514,1013,48.3702500000014,35.1023333333345,朝阳区,405.20000000000005,1
515,996,45.9787499999997,36.1196666666667,朝阳区,398.40000000000003,1
516,1948,53.6720000000024,41.3796666666665,朝阳区,779.2,16
517,601,54.2435000000019,39.648666666667,朝阳区,240.4,10
518,1202,55.1790000000025,39.3043333333338,朝阳区,480.8,69
519,2450,52.7547500000019,40.4089999999992,朝阳区,980.0,31
520,2534,50.4772500000001,40.6890000000004,朝阳区,1013.6,29
521,611,47.5602500000001,41.9790000000001,朝阳区,244.4,10
522,958,53.7865000000011,36.5196666666658,朝阳区,383.20000000000005,1
523,1062,56.7315000000015,47.7960000000006,朝阳区,424.8,1
524,638,56.0295000000011,37.8576666666675,朝阳区,255.20000000000002,10
525,1118,50.7200000000019,44.0680000000005,朝阳区,447.20000000000005,47
526,509,55.5480000000017,32.1053333333339,朝阳区,203.60000000000002,24
527,3865,49.875250000003,29.7743333333334,朝阳区,1546.0,18
528,1045,42.3367500000005,35.7819999999999,朝阳区,418.0,1
529,560,43.6572500000025,35.4106666666662,朝阳区,224.0,10
530,559,50.0022500000021,46.3046666666666,朝阳区,223.60000000000002,10
531,777,46.7190000000031,38.4239999999991,朝阳区,310.8,14
532,1071,53.1560000000013,26.0239999999996,朝阳区,428.40000000000003,47
533,815,46.6377500000021,41.3866666666678,朝阳区,326.0,32
534,535,55.1577500000029,31.5160000000011,朝阳区,214.0,24
535,864,54.2205000000031,39.185000000001,朝阳区,345.6,32
536,466,50.1485000000024,41.4973333333322,朝阳区,186.4,24
537,975,46.3000000000022,36.0399999999999,朝阳区,390.0,1
538,3061,35.0412500000026,46.0663333333334,绿园区,1224.4,17
539,2955,35.7837500000002,45.8293333333325,绿园区,1182.0,17
540,4838,43.1275000000007,45.7926666666661,绿园区,1935.2,20
541,3315,39.8000000000032,45.7163333333336,绿园区,1326.0,56
542,8092,39.5680000000027,49.3209999999991,绿园区,3236.8,0
543,6062,47.3162500000015,45.9833333333322,绿园区,2424.8,15
544,2312,43.6722500000002,54.2573333333323,绿园区,924.8000000000001,70
545,5405,35.6240000000021,50.1123333333335,绿园区,2162.0,12
546,6944,29.7967500000027,42.2810000000003,绿园区,2777.6000000000004,58
547,1897,35.0282499999999,46.6750000000005,绿园区,758.8000000000001,64
548,3208,34.2667500000005,42.4066666666671,绿园区,1283.2,21
549,2267,45.7852500000016,45.3086666666659,绿园区,906.8000000000001,19
550,1934,44.610500000001,53.119,绿园区,773.6,16
551,1380,35.0735000000029,45.2269999999994,绿园区,552.0,4
552,2095,46.4025000000028,43.7546666666672,绿园区,838.0,22
553,5588,32.5300000000013,52.1740000000008,绿园区,2235.2000000000003,34
554,2260,34.3367500000014,43.5946666666662,绿园区,904.0,19
555,2145,35.6290000000001,50.0593333333323,绿园区,858.0,22
556,2760,33.1775000000008,42.386333333333,绿园区,1104.0,30
557,2114,47.3660000000002,45.2393333333324,绿园区,845.6,22
558,3005,43.2402500000002,45.2746666666665,绿园区,1202.0,17
559,1694,44.4765000000018,52.291999999999,绿园区,677.6,5
560,4222,49.36425,56.6803333333326,绿园区,1688.8000000000002,6
561,7960,41.2172500000025,48.2463333333338,绿园区,3184.0,0
562,3065,36.7195000000002,48.457333333334,绿园区,1226.0,17
563,3726,35.6240000000021,50.1123333333335,绿园区,1490.4,26
564,2408,37.8465000000006,47.5189999999988,绿园区,963.2,31
565,2477,42.0552500000007,49.4593333333337,绿园区,990.8000000000001,29
566,1692,41.3777500000023,46.7693333333325,绿园区,676.8000000000001,5
567,2599,49.1427500000015,57.5856666666657,绿园区,1039.6000000000001,43
568,2509,39.0797500000026,46.9376666666671,绿园区,1003.6,29
569,1287,37.4307500000022,45.8969999999989,绿园区,514.8000000000001,50
570,6166,28.5500000000027,38.3586666666673,绿园区,2466.4,15
571,2115,38.861500000003,45.5739999999996,绿园区,846.0,22
572,2995,39.7390000000009,53.3513333333341,绿园区,1198.0,17
573,1383,45.0512500000002,43.3130000000001,绿园区,553.2,4
574,2176,49.4112500000021,47.593333333334,绿园区,870.4000000000001,19
575,6118,20.8642500000025,36.6913333333325,绿园区,2447.2000000000003,15
576,813,43.9974999999997,45.2709999999996,绿园区,325.20000000000005,32
577,3201,49.4867499999998,50.0196666666663,绿园区,1280.4,21
578,5389,39.757250000001,47.323000000001,绿园区,2155.6,12
579,1055,47.3910000000011,44.501999999999,绿园区,422.0,1
580,1963,45.5165000000015,43.9626666666655,绿园区,785.2,16
581,1173,48.2672500000021,48.2456666666664,绿园区,469.20000000000005,69
582,1706,41.272750000001,45.6783333333325,绿园区,682.4000000000001,5
583,2848,46.7934999999997,54.1346666666674,绿园区,1139.2,40
584,1650,34.138500000001,49.4630000000006,绿园区,660.0,2
585,1532,40.9622499999998,45.4320000000005,绿园区,612.8000000000001,2
586,2919,41.8412500000009,50.3740000000003,绿园区,1167.6000000000001,40
587,4790,37.1230000000011,53.4456666666661,绿园区,1916.0,20
588,2896,34.5815000000016,50.4693333333345,绿园区,1158.4,40
589,3860,44.2135000000015,58.3633333333324,绿园区,1544.0,18
590,1527,47.1257500000029,44.698333333334,绿园区,610.8000000000001,2
591,1264,47.3700000000008,47.072,绿园区,505.6,50
592,1147,39.0977499999998,46.1083333333339,绿园区,458.8,47
593,3184,48.7782500000016,50.2206666666657,绿园区,1273.6000000000001,21
594,1196,47.7802500000024,49.2846666666675,绿园区,478.40000000000003,69
595,1770,20.9755000000023,35.8670000000008,绿园区,708.0,5
596,1193,47.34075,43.644333333333,绿园区,477.20000000000005,69
597,424,43.7747500000008,45.2836666666675,绿园区,169.60000000000002,9
598,2192,51.5345000000025,58.4999999999999,绿园区,876.8000000000001,19
599,1886,41.6417500000001,47.0919999999992,绿园区,754.4000000000001,64
600,1337,43.7817500000008,53.3203333333342,绿园区,534.8000000000001,50
601,1556,45.5020000000026,53.8046666666669,绿园区,622.4000000000001,2
602,2993,50.7750000000016,55.8753333333328,绿园区,1197.2,17
603,850,47.5545000000004,48.5410000000002,绿园区,340.0,32
604,976,47.8544999999997,43.7370000000001,绿园区,390.40000000000003,1
605,679,48.0210000000021,46.429000000001,绿园区,271.6,10
606,789,48.0110000000025,48.9676666666673,绿园区,315.6,14
607,807,48.3970000000014,45.7646666666657,绿园区,322.8,14
608,3671,44.665000000002,56.7400000000002,绿园区,1468.4,26
609,795,46.2887500000022,45.2093333333323,绿园区,318.0,14
610,446,37.0845000000024,46.0673333333332,绿园区,178.4,24
611,3583,43.2237500000028,46.2696666666673,绿园区,1433.2,37
612,1419,45.0947500000005,47.6659999999995,绿园区,567.6,4
613,1189,41.4915000000029,45.8586666666676,绿园区,475.6,69
614,3724,39.7390000000009,53.3513333333341,绿园区,1489.6000000000001,26
615,1978,35.6240000000021,50.1123333333335,绿园区,791.2,16
616,1200,47.1572500000015,49.5276666666674,绿园区,480.0,69
617,4089,47.4477499999999,54.6453333333332,绿园区,1635.6000000000001,60
618,2624,36.5202500000024,51.2299999999992,绿园区,1049.6000000000001,43
619,1003,44.889750000003,51.3466666666673,绿园区,401.20000000000005,1
620,6956,38.8212500000016,53.4483333333332,绿园区,2782.4,58
621,521,38.0957500000001,45.868666666666,绿园区,208.4,24
622,1549,48.3902500000006,47.4600000000009,绿园区,619.6,2
623,1146,37.2832500000015,51.0936666666666,绿园区,458.40000000000003,47
624,1699,43.1157500000019,53.8483333333322,绿园区,679.6,5
625,1124,40.3255000000016,44.0459999999992,绿园区,449.6,47
626,1337,45.1590000000017,50.3976666666664,绿园区,534.8000000000001,50
627,2461,41.0217500000023,53.9666666666676,绿园区,984.4000000000001,31
628,855,42.5085000000003,45.9616666666657,绿园区,342.0,32
629,3105,45.3235000000021,44.1920000000001,绿园区,1242.0,21
630,8095,30.2390000000017,45.6686666666665,绿园区,3238.0,0
631,625,44.8102500000012,49.605666666667,绿园区,250.0,10
632,1279,42.559500000003,53.4553333333345,绿园区,511.6,50
633,1659,46.7115000000007,48.4239999999995,绿园区,663.6,2
634,583,48.8867500000012,49.2163333333338,绿园区,233.20000000000002,10
635,1740,41.2990000000022,49.7906666666665,绿园区,696.0,5
636,549,39.4647500000005,47.0013333333341,绿园区,219.60000000000002,10
637,2488,45.0857500000019,54.3290000000004,绿园区,995.2,29
638,464,43.8607500000003,44.922666666667,绿园区,185.60000000000002,24
639,2721,46.6377500000021,41.3866666666678,绿园区,1088.4,30
640,958,49.9785000000017,57.6409999999991,绿园区,383.20000000000005,1
641,612,42.0470000000002,46.0503333333335,绿园区,244.8,10
642,676,47.5432500000004,50.1720000000011,绿园区,270.40000000000003,10
643,973,38.0122500000013,48.0753333333344,绿园区,389.20000000000005,1
644,1446,42.4482500000032,48.5236666666656,绿园区,578.4,4
645,639,48.7272500000024,45.4943333333328,绿园区,255.60000000000002,10
646,837,51.3387500000029,51.0866666666677,绿园区,334.8,32
647,1082,50.7447499999998,47.0639999999989,绿园区,432.8,47
648,871,46.087,56.8086666666664,绿园区,348.40000000000003,32
649,1012,46.6877500000003,55.128000000001,绿园区,404.8,1
650,824,41.7760000000023,45.1696666666663,绿园区,329.6,32
651,966,41.7265000000029,46.2016666666661,绿园区,386.40000000000003,1
652,964,51.8557500000014,57.5646666666666,绿园区,385.6,1
653,661,41.4705000000026,46.1613333333328,绿园区,264.40000000000003,10
654,3640,26.4462500000029,45.2846666666673,绿园区,1456.0,26
655,658,41.432750000002,45.3573333333329,绿园区,263.2,10
656,6971,46.8660000000014,56.8123333333332,绿园区,2788.4,58
657,2457,33.1627500000025,50.745999999999,绿园区,982.8000000000001,31
658,1619,37.7585000000025,49.2266666666671,绿园区,647.6,2
659,528,41.8149999999997,45.8049999999991,绿园区,211.20000000000002,24
660,5006,31.958000000003,45.4356666666674,绿园区,2002.4,25
661,3115,36.4882500000014,50.6706666666664,绿园区,1246.0,21
662,381,45.0809999999997,46.0800000000011,绿园区,152.4,9
663,1677,43.0577500000027,48.8913333333324,绿园区,670.8000000000001,2
664,973,46.4232500000001,53.3653333333343,绿园区,389.20000000000005,1
665,2120,31.6997500000014,52.7123333333345,绿园区,848.0,22
666,1714,46.2742499999997,58.0420000000004,绿园区,685.6,5
667,2281,44.4967500000004,57.4073333333326,绿园区,912.4000000000001,19
668,868,51.3387500000029,51.0866666666677,绿园区,347.20000000000005,32
669,1468,39.8480000000028,47.087,绿园区,587.2,4
670,2980,46.7590000000016,45.5273333333324,绿园区,1192.0,17
671,2103,49.6300000000005,49.4083333333322,绿园区,841.2,22
672,2221,45.327750000002,55.8339999999997,绿园区,888.4000000000001,19
673,2721,39.7390000000009,53.3513333333341,绿园区,1088.4,30
674,499,46.0670000000007,44.5279999999997,绿园区,199.60000000000002,24
675,1362,43.9625000000028,54.0923333333344,绿园区,544.8000000000001,50
676,848,50.416000000002,56.1519999999997,绿园区,339.20000000000005,32
677,541,47.0945,47.1613333333328,绿园区,216.4,10
678,627,46.8525,55.5649999999991,绿园区,250.8,10
679,1536,45.1647500000014,55.1786666666677,绿园区,614.4000000000001,2
680,168,47.1200000000032,48.8863333333332,绿园区,67.2,23
681,4506,37.3645000000025,45.0336666666663,绿园区,1802.4,66
682,645,42.6432500000011,52.6776666666677,绿园区,258.0,10
683,1275,29.5872500000023,51.5530000000008,绿园区,510.0,50
684,311,47.3827500000006,44.0736666666671,绿园区,124.4,9
685,1006,45.1590000000017,50.3976666666664,绿园区,402.40000000000003,1
686,1469,50.5800000000001,47.5276666666673,绿园区,587.6,4
687,1000,38.2352500000032,50.4543333333345,绿园区,400.0,1
688,1109,45.0855000000026,50.5626666666667,绿园区,443.6,47
689,992,48.1847500000008,56.3773333333325,绿园区,396.8,1
690,774,45.2940000000019,44.577999999999,绿园区,309.6,14
691,2078,29.4220000000003,40.8426666666676,绿园区,831.2,22
692,1947,43.7775000000009,53.8209999999992,绿园区,778.8000000000001,16
693,665,39.9900000000031,52.4820000000001,绿园区,266.0,10
694,1121,35.1882500000009,51.4066666666674,绿园区,448.40000000000003,47
695,6875,30.2197500000005,39.7160000000009,绿园区,2750.0,38
696,1016,44.5740000000008,52.7309999999991,绿园区,406.40000000000003,1
697,298,43.5765000000004,45.001999999999,绿园区,119.2,9
698,3567,50.5800000000001,47.5276666666673,绿园区,1426.8000000000002,37
699,1018,46.2650000000018,46.296333333333,绿园区,407.20000000000005,1
700,336,42.1647500000013,46.2116666666669,绿园区,134.4,9
701,373,38.5022500000005,47.3916666666672,绿园区,149.20000000000002,9
702,863,47.7092500000005,54.7403333333326,绿园区,345.20000000000005,32
703,335,42.8350000000002,46.3966666666664,绿园区,134.0,9
704,444,39.8622500000023,46.9313333333332,绿园区,177.60000000000002,24
705,651,47.8837500000005,44.9726666666663,绿园区,260.40000000000003,10
706,737,49.0552500000021,47.8923333333322,绿园区,294.8,14
707,400,48.2277500000023,46.5563333333326,绿园区,160.0,9
708,2379,48.7980000000015,49.736333333333,绿园区,951.6,31
709,685,43.9247500000022,52.1803333333324,绿园区,274.0,10
710,376,49.0415000000013,50.2806666666658,绿园区,150.4,9
711,1297,44.4002500000025,54.3959999999994,绿园区,518.8000000000001,50
712,836,47.0350000000011,53.4546666666671,绿园区,334.40000000000003,32
713,1158,46.557,57.3513333333343,绿园区,463.20000000000005,47
714,338,48.5442500000026,50.4989999999997,绿园区,135.20000000000002,9
715,461,43.18125,51.415666666666,绿园区,184.4,24
716,1579,34.1860000000018,59.4263333333345,绿园区,631.6,2
717,1487,34.0762500000018,51.6256666666664,绿园区,594.8000000000001,4
718,2284,29.7580000000011,45.550000000001,绿园区,913.6,19
719,802,42.0680000000004,48.8576666666655,绿园区,320.8,14
720,653,38.3920000000018,48.460000000001,绿园区,261.2,10
721,2321,47.7097500000028,51.8743333333328,绿园区,928.4000000000001,70
722,6792,58.8772500000019,20.3073333333326,南关区,2716.8,38
723,2033,53.2295000000005,15.7199999999994,南关区,813.2,22
724,4657,47.0027500000008,15.9599999999998,南关区,1862.8000000000002,39
725,4010,58.0432500000008,20.3703333333323,南关区,1604.0,27
726,3996,61.0925000000009,28.2373333333344,南关区,1598.4,27
727,3593,61.0685000000011,28.9203333333343,南关区,1437.2,37
728,11619,64.2452500000026,51.3016666666672,南关区,4647.6,36
729,2952,48.1840000000027,17.1309999999991,南关区,1180.8,17
730,3693,47.9837500000002,17.6426666666671,南关区,1477.2,26
731,2589,58.7170000000015,29.4503333333343,南关区,1035.6000000000001,43
732,8874,58.2457500000011,26.5126666666665,南关区,3549.6000000000004,52
733,3572,44.5240000000027,15.1806666666658,南关区,1428.8000000000002,37
734,1823,62.7132500000016,47.9173333333331,南关区,729.2,5
735,2821,53.8125000000029,13.7653333333342,南关区,1128.4,40
736,8543,61.3830000000029,46.5456666666668,南关区,3417.2000000000003,49
737,1858,54.4997500000015,15.8439999999989,南关区,743.2,64
738,3389,59.0017500000002,31.3810000000008,南关区,1355.6000000000001,8
739,1824,52.0875000000025,22.0133333333337,南关区,729.6,5
740,1593,62.6875000000027,47.5686666666656,南关区,637.2,2
741,2748,53.8474999999998,25.8299999999991,南关区,1099.2,30
742,951,63.2355000000011,28.249,南关区,380.40000000000003,1
743,6704,63.0699999999997,45.2663333333329,南关区,2681.6000000000004,41
744,3535,46.0680000000018,15.0529999999994,南关区,1414.0,37
745,1905,52.3705000000021,15.4459999999996,南关区,762.0,64
746,3761,60.3662500000013,44.3456666666672,南关区,1504.4,18
747,3952,48.462500000003,16.7276666666657,南关区,1580.8000000000002,27
748,6034,58.8165000000025,45.4516666666673,南关区,2413.6,15
749,10083,61.1840000000008,42.8703333333331,南关区,4033.2000000000003,35
750,4166,57.5512500000031,29.740999999999,南关区,1666.4,6
751,6610,60.9997500000006,44.8863333333331,南关区,2644.0,41
752,3308,45.3072500000005,15.0486666666675,南关区,1323.2,56
753,2364,52.6357500000003,22.8023333333335,南关区,945.6,31
754,2058,52.3965000000004,14.1366666666656,南关区,823.2,22
755,1256,53.0647500000008,14.1626666666663,南关区,502.40000000000003,50
756,1013,58.9187500000001,41.1643333333345,南关区,405.20000000000005,1
757,1681,53.7900000000029,15.0133333333334,南关区,672.4000000000001,2
758,15132,59.6087500000024,46.6359999999995,南关区,6052.8,59
759,4317,59.514250000003,44.1943333333323,南关区,1726.8000000000002,6
760,2155,60.2132500000003,42.5573333333323,南关区,862.0,22
761,2490,50.9790000000017,17.4430000000001,南关区,996.0,29
762,2471,55.1690000000029,26.9743333333328,南关区,988.4000000000001,31
763,8203,63.0207499999997,35.2886666666663,南关区,3281.2000000000003,44
764,5601,55.0350000000002,26.2300000000006,南关区,2240.4,34
765,2632,63.0432499999998,48.3750000000001,南关区,1052.8,43
766,3540,64.1250000000007,50.8736666666678,南关区,1416.0,37
767,1029,48.1840000000027,17.1309999999991,南关区,411.6,1
768,2179,61.2610000000018,29.9570000000008,南关区,871.6,19
769,2417,48.7465,20.308,南关区,966.8000000000001,31
770,1606,60.5764999999998,21.2770000000001,南关区,642.4000000000001,2
771,4018,56.7667500000013,39.1943333333344,南关区,1607.2,27
772,1460,52.3442500000009,15.6813333333332,南关区,584.0,4
773,3418,60.3897500000024,42.1546666666662,南关区,1367.2,8
774,2863,63.7240000000006,47.0970000000008,南关区,1145.2,40
775,3646,50.0955000000012,13.1950000000008,南关区,1458.4,26
776,1119,62.5030000000031,28.1289999999999,南关区,447.6,47
777,3514,64.2890000000023,52.5700000000005,南关区,1405.6000000000001,37
778,3011,58.5350000000027,28.3173333333338,南关区,1204.4,17
779,3643,40.7400000000031,18.3366666666676,南关区,1457.2,26
780,1035,59.0965000000026,40.4239999999992,南关区,414.0,1
781,3441,59.7797500000006,45.1010000000001,南关区,1376.4,8
782,1128,55.3837500000007,26.0836666666672,南关区,451.20000000000005,47
783,1603,59.4000000000001,42.1246666666661,南关区,641.2,2
784,3925,57.4845000000011,47.9503333333327,南关区,1570.0,27
785,1026,59.5062500000019,28.5226666666674,南关区,410.40000000000003,1
786,1374,56.8017500000018,35.4160000000003,南关区,549.6,4
787,2367,53.8474999999998,25.8299999999991,南关区,946.8000000000001,31
788,3182,50.0845000000005,15.0913333333331,南关区,1272.8000000000002,21
789,4159,57.5527500000028,42.071,南关区,1663.6000000000001,6
790,6040,57.6090000000029,46.8759999999999,南关区,2416.0,15
791,625,63.7995000000018,51.4353333333328,南关区,250.0,10
792,1335,47.7525000000014,18.6796666666661,南关区,534.0,50
793,795,58.4480000000021,36.5066666666678,南关区,318.0,14
794,6226,58.5272500000009,48.5416666666675,南关区,2490.4,28
795,881,59.3895000000018,41.3433333333326,南关区,352.40000000000003,32
796,1855,62.8057500000026,30.8660000000008,南关区,742.0,64
797,1327,50.7995000000001,16.388999999999,南关区,530.8000000000001,50
798,2491,56.7320000000002,47.0033333333338,南关区,996.4000000000001,29
799,6833,58.1840000000007,43.4003333333332,南关区,2733.2000000000003,38
800,814,53.1560000000013,26.0239999999996,南关区,325.6,14
801,791,58.5747500000018,21.7066666666668,南关区,316.40000000000003,14
802,1223,60.7790000000001,43.4170000000004,南关区,489.20000000000005,69
803,5628,64.1222500000005,53.146333333333,南关区,2251.2000000000003,34
804,3002,62.6847500000025,32.7890000000011,南关区,1200.8,17
805,2015,60.7372500000025,30.607000000001,南关区,806.0,16
806,2003,61.478000000001,46.2493333333332,南关区,801.2,16
807,2457,58.7327500000008,41.5663333333332,南关区,982.8000000000001,31
808,804,54.0820000000011,26.1019999999993,南关区,321.6,14
809,1151,49.2925,12.3999999999995,南关区,460.40000000000003,47
810,1180,59.0057500000007,28.7546666666666,南关区,472.0,69
811,1354,57.7230000000029,28.9286666666655,南关区,541.6,50
812,2998,57.7840000000016,45.3756666666673,南关区,1199.2,17
813,1943,58.880000000002,40.5683333333329,南关区,777.2,16
814,2770,61.904000000002,34.5559999999997,南关区,1108.0,30
815,2853,60.8307500000009,48.7409999999997,南关区,1141.2,40
816,4501,59.6750000000021,43.1666666666667,南关区,1800.4,66
817,2141,63.5747500000008,48.4516666666674,南关区,856.4000000000001,22
818,1346,60.7635000000002,40.7696666666671,南关区,538.4,50
819,1126,60.8560000000011,45.9336666666677,南关区,450.40000000000003,47
820,1908,59.69275,41.5230000000004,南关区,763.2,64
821,2036,48.3612500000028,13.2036666666669,南关区,814.4000000000001,22
822,1689,46.8730000000015,14.1283333333343,南关区,675.6,2
823,1631,56.8502500000001,30.6583333333326,南关区,652.4000000000001,2
824,2788,62.8030000000024,36.7490000000004,南关区,1115.2,30
825,667,55.7480000000012,25.5583333333339,南关区,266.8,10
826,1229,54.6482500000032,27.3830000000004,南关区,491.6,69
827,1979,60.6600000000022,21.5926666666656,南关区,791.6,16
828,1300,61.4417500000002,46.1413333333335,南关区,520.0,50
829,4733,59.8417500000004,48.3673333333338,南关区,1893.2,39
830,2286,63.3807500000003,39.1613333333325,南关区,914.4000000000001,19
831,1414,63.2967500000028,38.6663333333341,南关区,565.6,4
832,1825,59.6535000000031,21.9629999999995,南关区,730.0,5
833,387,63.3597500000001,53.3993333333337,南关区,154.8,9
834,597,50.962000000002,17.2086666666663,南关区,238.8,10
835,1128,57.4060000000003,43.2683333333325,南关区,451.20000000000005,47
836,3119,63.3475000000026,41.1806666666668,南关区,1247.6000000000001,21
837,1206,56.926500000003,31.7819999999998,南关区,482.40000000000003,69
838,366,59.7452500000024,30.1756666666672,南关区,146.4,9
839,2038,56.3542500000018,33.7500000000001,南关区,815.2,22
840,609,60.8405000000012,42.0183333333336,南关区,243.60000000000002,10
841,3860,63.9025000000011,48.8346666666667,南关区,1544.0,18
842,5380,59.6910000000008,50.1836666666667,南关区,2152.0,12
843,2827,63.1839999999997,46.7403333333323,南关区,1130.8,40
844,1521,57.9675000000002,49.1213333333344,南关区,608.4,2
845,1286,61.5525000000012,40.7699999999996,南关区,514.4,50
846,1822,63.2197500000018,39.8746666666672,南关区,728.8000000000001,5
847,1105,49.6935000000001,20.041333333334,南关区,442.0,47
848,1011,50.9935000000006,19.416666666667,南关区,404.40000000000003,1
849,2435,63.6147500000028,35.748333333333,南关区,974.0,31
850,1378,43.6720000000008,18.6106666666674,南关区,551.2,4
851,129,59.207500000003,30.477,南关区,51.6,23
852,329,58.2847500000021,29.8686666666678,南关区,131.6,9
853,1167,63.5545000000022,47.2653333333331,南关区,466.8,69
854,1743,62.8892500000013,42.4316666666655,南关区,697.2,5
855,939,58.8175,40.4600000000007,南关区,375.6,1
856,586,54.1532500000024,25.212000000001,南关区,234.4,10
857,1173,59.8397500000019,21.0576666666663,南关区,469.20000000000005,69
858,949,45.7650000000029,18.7920000000001,南关区,379.6,1
859,1370,57.4467500000004,30.383333333333,南关区,548.0,4
860,1232,60.36675,45.5776666666665,南关区,492.8,69
861,4657,58.6800000000025,46.3123333333328,南关区,1862.8000000000002,39
862,910,47.937000000001,19.6396666666677,南关区,364.0,1
863,2478,40.7400000000031,18.3366666666676,南关区,991.2,29
864,762,60.1957500000019,30.2020000000004,南关区,304.8,14
865,619,62.654000000002,42.5129999999996,南关区,247.60000000000002,10
866,751,57.4092500000027,28.7523333333345,南关区,300.40000000000003,14
867,1516,58.3725000000008,42.0800000000009,南关区,606.4,2
868,617,43.6882500000024,17.4813333333338,南关区,246.8,10
869,2328,59.3852500000018,44.8946666666667,南关区,931.2,70
870,1478,61.3342500000016,37.9086666666666,南关区,591.2,4
871,2283,59.8610000000015,32.9196666666671,南关区,913.2,19
872,918,57.3302499999997,40.6529999999989,南关区,367.20000000000005,1
873,958,59.9795000000007,30.6179999999993,南关区,383.20000000000005,1
874,1848,57.9500000000017,15.8406666666669,南关区,739.2,64
875,1427,62.6850000000019,45.0193333333336,南关区,570.8000000000001,4
876,776,62.467250000001,28.652000000001,南关区,310.40000000000003,14
877,1210,61.7487500000031,44.6463333333327,南关区,484.0,69
878,393,63.6612500000027,38.4920000000003,南关区,157.20000000000002,9
879,3293,62.9275000000007,46.3009999999997,南关区,1317.2,56
880,1854,61.083,35.0193333333332,南关区,741.6,64
881,713,58.1115000000025,41.7569999999993,南关区,285.2,14
882,583,56.1017499999998,24.3559999999998,南关区,233.20000000000002,10
883,951,51.0930000000016,17.0323333333329,南关区,380.40000000000003,1
884,3105,60.9782500000016,48.1193333333323,南关区,1242.0,21
885,773,59.0897500000018,42.1686666666664,南关区,309.20000000000005,14
886,2083,48.7465,20.308,南关区,833.2,22
887,1132,57.9067500000008,46.1556666666662,南关区,452.8,47
888,345,50.969000000002,15.8243333333322,南关区,138.0,9
889,1558,61.878250000003,43.5613333333341,南关区,623.2,2
890,613,60.0907500000005,41.8053333333338,南关区,245.20000000000002,10
891,1061,61.5525000000012,41.664666666667,南关区,424.40000000000003,1
892,980,57.4030000000008,42.2933333333333,南关区,392.0,1
893,829,56.7150000000005,41.783,南关区,331.6,32
894,905,56.0310000000008,26.8903333333341,南关区,362.0,1
895,921,56.9950000000006,30.2910000000007,南关区,368.40000000000003,1
896,1097,58.49525,43.262000000001,南关区,438.8,47
897,989,62.4962500000024,42.0993333333328,南关区,395.6,1
898,1166,56.7207500000002,41.534666666666,南关区,466.40000000000003,69
899,1148,56.8747500000022,40.2963333333328,南关区,459.20000000000005,47
900,2634,58.5500000000003,43.974000000001,南关区,1053.6000000000001,43
901,677,54.4997500000015,15.8439999999989,南关区,270.8,10
902,963,57.5539999999997,40.5230000000003,南关区,385.20000000000005,1
903,1115,57.6575000000013,41.2549999999996,南关区,446.0,47
904,1962,61.0762500000028,34.3743333333322,南关区,784.8000000000001,16
905,734,56.7565000000023,40.7063333333326,南关区,293.6,14
906,661,59.6697500000012,42.7013333333335,南关区,264.40000000000003,10
907,353,49.2925,12.3999999999995,南关区,141.20000000000002,9
908,734,57.5500000000027,42.0903333333342,南关区,293.6,14
909,1019,58.2375000000006,41.2103333333344,南关区,407.6,1
910,1357,46.9260000000027,19.3193333333331,南关区,542.8000000000001,50
911,1537,61.5905000000012,35.4529999999992,南关区,614.8000000000001,2
912,747,58.2482500000019,28.2010000000004,南关区,298.8,14
913,1592,62.3882500000015,29.3623333333339,南关区,636.8000000000001,2
914,1704,62.2832500000001,37.5796666666659,南关区,681.6,5
915,421,58.4300000000013,49.7133333333342,南关区,168.4,9
916,741,64.5537500000017,50.2803333333333,南关区,296.40000000000003,14
917,1627,58.8344999999997,43.8106666666656,南关区,650.8000000000001,2
918,865,46.1012500000031,19.2446666666678,南关区,346.0,32
919,837,60.0290000000001,19.7096666666662,南关区,334.8,32
920,1687,58.9882500000023,42.3159999999996,南关区,674.8000000000001,2
921,885,59.6917500000025,44.0419999999998,南关区,354.0,32
922,887,62.1720000000003,48.172666666666,南关区,354.8,32
923,630,54.5922500000025,24.7416666666661,南关区,252.0,10
924,3152,81.1755000000005,41.3523333333335,经开区,1260.8000000000002,21
925,3461,76.9517500000028,28.3070000000005,经开区,1384.4,8
926,4731,74.5980000000017,43.4686666666669,经开区,1892.4,39
927,3011,67.058000000003,34.4740000000006,经开区,1204.4,17
928,3918,74.3742500000018,42.4086666666668,经开区,1567.2,27
929,6535,66.9150000000016,29.1086666666658,经开区,2614.0,54
930,6705,78.1857500000029,30.4460000000001,经开区,2682.0,41
931,2103,74.5267500000004,32.813666666667,经开区,841.2,22
932,5195,68.3392500000011,31.2096666666667,经开区,2078.0,7
933,1045,74.3517500000017,27.5473333333333,经开区,418.0,1
934,2197,81.0957500000029,42.207,经开区,878.8000000000001,19
935,3915,71.8542500000012,32.1586666666676,经开区,1566.0,27
936,2294,84.0612500000013,45.678,经开区,917.6,70
937,1316,75.2800000000029,28.2843333333342,经开区,526.4,50
938,749,76.2182500000002,28.5709999999995,经开区,299.6,14
939,872,82.0180000000015,41.8146666666672,经开区,348.8,32
940,3121,66.9897500000012,32.6179999999994,经开区,1248.4,21
941,2429,78.7295000000015,44.9699999999993,经开区,971.6,31
942,3503,68.4557500000018,30.013333333334,经开区,1401.2,37
943,1794,65.8729999999999,33.6146666666674,经开区,717.6,5
944,2844,66.5650000000007,36.9856666666664,经开区,1137.6000000000001,40
945,2346,74.68875,32.0143333333339,经开区,938.4000000000001,70
946,701,68.0012500000018,34.6366666666664,经开区,280.40000000000003,14
947,2874,79.5875000000024,46.1813333333344,经开区,1149.6000000000001,40
948,3096,81.4047500000008,40.5013333333339,经开区,1238.4,21
949,1059,72.1772500000029,32.9476666666674,经开区,423.6,1
950,2455,74.5767500000021,39.9053333333323,经开区,982.0,31
951,1100,80.0812500000028,41.5090000000002,经开区,440.0,47
952,1644,66.8035000000025,35.6686666666661,经开区,657.6,2
953,3460,81.6980000000029,47.2276666666668,经开区,1384.0,8
954,1457,82.7632500000028,41.1246666666661,经开区,582.8000000000001,4
955,698,67.8357500000004,37.1516666666665,经开区,279.2,14
956,1004,80.3915000000011,43.3286666666675,经开区,401.6,1
957,2822,65.7952500000008,31.7569999999989,经开区,1128.8,40
958,1504,65.9862500000017,34.7403333333342,经开区,601.6,4
959,4015,74.448750000002,33.2059999999999,经开区,1606.0,27
960,3375,78.492500000003,45.1103333333336,经开区,1350.0,8
961,580,66.5662500000011,33.2493333333327,经开区,232.0,10
962,1228,83.0572500000031,43.4573333333338,经开区,491.20000000000005,69
963,376,77.4855000000017,29.285999999999,经开区,150.4,9
964,1372,74.5767500000021,39.9053333333323,经开区,548.8000000000001,4
965,3017,74.4320000000016,41.0926666666664,经开区,1206.8,17
966,3649,82.8455000000012,42.6689999999989,经开区,1459.6000000000001,26
967,1218,77.0035,42.1433333333331,经开区,487.20000000000005,69
968,650,66.81575,31.6006666666671,经开区,260.0,10
969,1904,67.6802500000022,29.3966666666658,经开区,761.6,64
970,1876,78.492500000003,45.1103333333336,经开区,750.4000000000001,64
971,1437,65.7160000000019,36.2706666666668,经开区,574.8000000000001,4
972,1456,68.6825000000013,28.4343333333344,经开区,582.4,4
973,657,83.6284999999997,44.301666666667,经开区,262.8,10
974,1297,78.0712500000007,32.7013333333331,经开区,518.8000000000001,50
975,607,82.6547499999997,41.6059999999992,经开区,242.8,10
976,830,82.1222500000012,41.1319999999999,经开区,332.0,32
977,879,65.0677500000008,31.4343333333322,经开区,351.6,32
978,852,82.5752500000014,42.1150000000002,经开区,340.8,32
979,935,74.2425000000004,34.5836666666675,经开区,374.0,1
980,1335,71.4827500000013,32.9516666666668,经开区,534.0,50
981,3371,84.5057500000017,42.3743333333325,经开区,1348.4,8
982,1181,65.095000000003,30.3533333333329,经开区,472.40000000000003,69
983,951,75.8767500000026,42.9900000000008,经开区,380.40000000000003,1
984,2117,74.8555000000017,39.2316666666659,经开区,846.8000000000001,22
985,791,76.5799999999999,43.9063333333323,经开区,316.40000000000003,14
986,877,73.0150000000016,27.6199999999989,经开区,350.8,32
987,1138,73.731500000001,35.2310000000008,经开区,455.20000000000005,47
988,978,72.2527500000005,35.4026666666674,经开区,391.20000000000005,1
989,582,74.1505000000018,33.0876666666669,经开区,232.8,10
990,326,73.9180000000026,42.9580000000011,经开区,130.4,9
991,597,75.7810000000028,42.1916666666675,经开区,238.8,10
992,2419,76.6577500000025,41.2033333333331,经开区,967.6,31
993,403,82.732,43.3726666666677,经开区,161.20000000000002,9
994,139,65.8177500000008,30.2509999999998,经开区,55.6,23
995,592,75.4705000000016,35.1319999999997,经开区,236.8,10
996,268,67.7340000000015,28.9763333333326,经开区,107.2,63
997,337,67.3905000000019,36.2196666666677,经开区,134.8,9
998,602,70.7445,32.171333333333,经开区,240.8,10
999,1376,71.5015000000001,34.6856666666658,经开区,550.4,4
1000,962,77.9837500000014,31.5173333333334,经开区,384.8,1
1001,13930,82.0342500000031,48.6170000000001,经开区,5572.0,57
1002,657,76.112000000002,29.9533333333339,经开区,262.8,10
1003,1729,74.0845000000014,33.6260000000005,经开区,691.6,5
1004,766,77.26525,41.1526666666665,经开区,306.40000000000003,14
1005,422,66.7247500000023,31.816999999999,经开区,168.8,9
1006,497,76.4200000000024,35.6716666666657,经开区,198.8,24
1007,1742,65.4955000000008,37.8693333333331,经开区,696.8000000000001,5
1008,784,66.029750000002,37.3073333333333,经开区,313.6,14
1009,338,68.7207500000007,36.7239999999995,经开区,135.20000000000002,9
1010,441,68.8932500000021,36.3536666666657,经开区,176.4,24
1011,3111,82.6255000000025,46.2086666666674,经开区,1244.4,21
1012,982,76.6855,43.4040000000001,经开区,392.8,1
1013,1204,82.0997500000011,43.477333333333,经开区,481.6,69
1014,122,65.9920000000014,35.6263333333331,经开区,48.800000000000004,23
1015,651,70.0712500000016,34.866000000001,经开区,260.40000000000003,10
1016,987,83.985000000002,41.5356666666658,经开区,394.8,1
1017,459,66.8262500000019,37.7330000000005,经开区,183.60000000000002,24
1018,620,72.6777500000004,35.5576666666669,经开区,248.0,10
1019,799,75.2120000000005,38.224666666667,经开区,319.6,14
1020,164,65.6430000000015,32.9363333333343,经开区,65.60000000000001,23
1021,2220,75.8607500000004,41.1150000000002,经开区,888.0,19
1022,507,75.626500000002,42.7960000000004,经开区,202.8,24
1023,518,76.9665000000011,42.7999999999997,经开区,207.20000000000002,24
1024,1268,73.5330000000012,39.3383333333333,经开区,507.20000000000005,50
1025,822,80.2217499999998,47.475000000001,经开区,328.8,32
1026,651,70.1322500000003,35.475333333333,经开区,260.40000000000003,10
1027,162,67.8487500000031,36.7076666666672,经开区,64.8,23
1028,843,82.3297500000031,42.8036666666666,经开区,337.20000000000005,32
1029,422,74.2097500000014,38.9583333333334,经开区,168.8,9
1030,374,73.536500000003,35.6003333333324,经开区,149.6,9
1031,1086,76.6115000000021,38.2226666666673,经开区,434.40000000000003,47
1032,623,74.6545000000012,33.6753333333325,经开区,249.20000000000002,10
1033,543,79.8290000000002,43.5083333333329,经开区,217.20000000000002,24
1034,205,76.2895000000015,42.0289999999994,经开区,82.0,63
1035,336,72.9354999999998,34.8466666666667,经开区,134.4,9
1036,471,67.4712500000005,35.7686666666671,经开区,188.4,24
1037,3122,80.095250000003,50.6106666666663,经开区,1248.8000000000002,21
1038,12106,42.7670000000013,27.9023333333323,长春新区(高新),4842.400000000001,46
1039,14147,39.6102500000026,9.52299999999914,长春新区(高新),5658.8,61
1040,10750,39.7005000000021,12.0099999999989,长春新区(高新),4300.0,67
1041,8195,40.4282500000015,10.681333333333,长春新区(高新),3278.0,44
1042,7299,39.7260000000017,8.11333333333408,长春新区(高新),2919.6000000000004,51
1043,12183,37.022750000002,24.9523333333338,长春新区(高新),4873.2,46
1044,7243,36.7982500000004,21.0259999999991,长春新区(高新),2897.2000000000003,51
1045,10095,30.1167500000012,11.530333333333,长春新区(高新),4038.0,35
1046,12148,28.8342500000027,20.2639999999998,长春新区(高新),4859.2,46
1047,4872,35.9952500000027,27.2910000000005,长春新区(高新),1948.8000000000002,20
1048,4024,46.7630000000021,26.2069999999994,长春新区(高新),1609.6000000000001,27
1049,8042,34.6232500000028,28.4870000000007,长春新区(高新),3216.8,0
1050,5225,31.3082500000021,8.08666666666606,长春新区(高新),2090.0,7
1051,7076,34.9895000000018,22.3423333333344,长春新区(高新),2830.4,53
1052,5450,32.6205000000002,9.62000000000056,长春新区(高新),2180.0,55
1053,6212,30.37475,21.2813333333344,长春新区(高新),2484.8,28
1054,3206,31.2717500000019,9.09399999999986,长春新区(高新),1282.4,21
1055,3750,39.8077500000014,18.6603333333342,长春新区(高新),1500.0,18
1056,6346,32.8992499999998,2.93166666666641,长春新区(高新),2538.4,33
1057,2740,40.9945,31.6923333333345,长春新区(高新),1096.0,30
1058,3509,41.4727500000005,31.0533333333325,长春新区(高新),1403.6000000000001,37
1059,5324,30.2577500000005,19.4980000000011,长春新区(高新),2129.6,12
1060,3193,34.1810000000002,14.3113333333342,长春新区(高新),1277.2,21
1061,5502,31.343500000002,11.7286666666677,长春新区(高新),2200.8,55
1062,3742,34.6852500000026,25.8216666666655,长春新区(高新),1496.8000000000002,18
1063,5351,41.3257500000022,20.9643333333342,长春新区(高新),2140.4,12
1064,4374,35.2755000000009,27.9773333333324,长春新区(高新),1749.6000000000001,62
1065,8591,37.3615000000029,5.54100000000091,长春新区(高新),3436.4,49
1066,2439,39.7640000000017,26.7679999999994,长春新区(高新),975.6,31
1067,4046,41.5435000000031,6.72666666666781,长春新区(高新),1618.4,60
1068,3085,40.6957500000011,31.7113333333339,长春新区(高新),1234.0,17
1069,7371,33.9102500000017,9.3436666666662,长春新区(高新),2948.4,11
1070,2456,36.0257500000003,26.1526666666659,长春新区(高新),982.4000000000001,31
1071,7161,32.958500000003,14.9763333333344,长春新区(高新),2864.4,53
1072,3520,41.4222500000001,17.2963333333342,长春新区(高新),1408.0,37
1073,1294,37.6952500000023,26.118333333334,长春新区(高新),517.6,50
1074,1284,45.1442499999999,26.1560000000003,长春新区(高新),513.6,50
1075,1980,34.8080000000017,24.9250000000008,长春新区(高新),792.0,16
1076,1823,41.8935000000005,26.103333333334,长春新区(高新),729.2,5
1077,1152,42.5585000000019,29.494666666667,长春新区(高新),460.8,47
1078,3081,41.6607500000019,23.0463333333333,长春新区(高新),1232.4,17
1079,9152,36.3307500000012,9.35399999999949,长春新区(高新),3660.8,48
1080,4414,33.9297500000022,15.8913333333336,长春新区(高新),1765.6000000000001,62
1081,2532,38.5122500000001,18.643666666667,长春新区(高新),1012.8000000000001,29
1082,1670,48.2910000000025,26.9503333333342,长春新区(高新),668.0,2
1083,1860,34.5502500000023,13.7903333333327,长春新区(高新),744.0,64
1084,3911,40.1315000000011,17.7689999999989,长春新区(高新),1564.4,27
1085,1173,35.9052500000026,26.106000000001,长春新区(高新),469.20000000000005,69
1086,981,45.0177500000031,27.7706666666665,长春新区(高新),392.40000000000003,1
1087,1044,41.6407500000027,15.9216666666661,长春新区(高新),417.6,1
1088,1055,43.5682499999999,29.4039999999995,长春新区(高新),422.0,1
1089,2015,40.1542500000005,25.818000000001,长春新区(高新),806.0,16
1090,2761,40.6212500000009,29.1043333333339,长春新区(高新),1104.4,30
1091,1201,41.1880000000018,14.4649999999989,长春新区(高新),480.40000000000003,69
1092,3251,30.2475000000015,19.9806666666665,长春新区(高新),1300.4,56
1093,2057,40.5455000000003,20.9723333333329,长春新区(高新),822.8000000000001,22
1094,1655,39.4877500000028,22.2683333333341,长春新区(高新),662.0,2
1095,2288,40.1315000000011,17.7689999999989,长春新区(高新),915.2,19
1096,2878,41.4747500000026,8.03466666666708,长春新区(高新),1151.2,40
1097,551,45.3997500000014,28.898333333333,长春新区(高新),220.4,10
1098,1142,45.157500000002,26.1553333333329,长春新区(高新),456.8,47
1099,1567,34.5757500000019,14.5313333333329,长春新区(高新),626.8000000000001,2
1100,612,44.5799999999998,27.0526666666674,长春新区(高新),244.8,10
1101,1170,41.0102500000029,15.758333333333,长春新区(高新),468.0,69
1102,1700,36.2632500000011,21.6909999999994,长春新区(高新),680.0,5
1103,2156,47.1942500000004,26.8473333333337,长春新区(高新),862.4000000000001,22
1104,3243,48.479750000002,26.2849999999991,长春新区(高新),1297.2,56
1105,1578,32.3580000000021,15.6353333333333,长春新区(高新),631.2,2
1106,586,45.4845000000006,27.1223333333334,长春新区(高新),234.4,10
1107,2589,45.0100000000013,29.7640000000001,长春新区(高新),1035.6000000000001,43
1108,2284,41.3080000000008,9.36500000000014,长春新区(高新),913.6,19
1109,999,41.1937500000015,27.3083333333328,长春新区(高新),399.6,1
1110,1170,40.9972500000002,30.7563333333339,长春新区(高新),468.0,69
1111,3466,30.7195,12.5416666666662,长春新区(高新),1386.4,8
1112,2353,30.2577500000005,19.4980000000011,长春新区(高新),941.2,31
1113,3724,38.8837500000001,24.2430000000008,长春新区(高新),1489.6000000000001,26
1114,2752,38.9180000000025,29.6873333333328,长春新区(高新),1100.8,30
1115,447,44.9725000000001,27.1833333333333,长春新区(高新),178.8,24
1116,3040,32.4170000000024,5.19933333333237,长春新区(高新),1216.0,17
1117,2596,38.9490000000023,26.9789999999996,长春新区(高新),1038.4,43
1118,2915,48.3212500000008,25.0259999999993,长春新区(高新),1166.0,40
1119,7112,35.9695000000002,8.70166666666705,长春新区(高新),2844.8,53
1120,5240,37.3915000000018,22.5716666666666,长春新区(高新),2096.0,7
1121,321,44.5677500000024,28.5063333333326,长春新区(高新),128.4,9
1122,5676,38.0165000000012,23.3733333333343,长春新区(高新),2270.4,34
1123,3306,87.0010000000008,21.3373333333327,净月区,1322.4,56
1124,4980,65.8410000000025,18.4120000000002,净月区,1992.0,25
1125,3453,73.3305000000009,18.1876666666672,净月区,1381.2,8
1126,2722,63.9402500000017,23.6503333333336,净月区,1088.8,30
1127,1997,66.8855000000015,18.6663333333333,净月区,798.8000000000001,16
1128,1467,65.5565000000031,21.1353333333335,净月区,586.8000000000001,4
1129,3242,65.54225,24.1990000000006,净月区,1296.8000000000002,56
1130,1581,67.227250000002,19.9306666666672,净月区,632.4000000000001,2
1131,2242,71.720250000002,16.3259999999994,净月区,896.8000000000001,19
1132,1824,76.0959999999997,26.749,净月区,729.6,64
1133,3412,72.5235000000026,27.312666666667,净月区,1364.8000000000002,8
1134,2592,65.5150000000013,25.3249999999999,净月区,1036.8,43
1135,3760,72.0505000000031,18.2169999999999,净月区,1504.0,18
1136,1128,67.1815000000002,21.3190000000007,净月区,451.20000000000005,47
1137,1232,69.995500000001,25.5979999999999,净月区,492.8,69
1138,693,86.9515000000014,22.6903333333344,净月区,277.2,10
1139,2681,83.8427500000023,17.4949999999991,净月区,1072.4,43
1140,1012,67.2560000000004,22.2813333333344,净月区,404.8,1
1141,1720,67.0092500000017,25.7966666666671,净月区,688.0,5
1142,1744,67.2075000000021,24.9033333333344,净月区,697.6,5
1143,2064,85.8587499999999,5.37566666666578,净月区,825.6,22
1144,1796,67.1662499999997,24.1056666666661,净月区,718.4000000000001,5
1145,973,83.4687500000015,13.8526666666673,净月区,389.20000000000005,1
1146,1110,70.8410000000015,25.5673333333325,净月区,444.0,47
1147,1225,68.305500000001,19.8686666666674,净月区,490.0,69
1148,853,65.4747499999999,20.7809999999995,净月区,341.20000000000005,32
1149,2190,71.724500000002,16.1266666666672,净月区,876.0,19
1150,1666,64.26175,21.2313333333327,净月区,666.4000000000001,2
1151,1500,87.9132499999997,27.4786666666671,净月区,600.0,4
1152,1970,85.1325000000003,19.3953333333331,净月区,788.0,16
1153,1279,65.7420000000002,25.6903333333322,净月区,511.6,50
1154,3503,73.6880000000006,17.3729999999992,净月区,1401.2,37
1155,8246,66.7120000000026,11.1053333333331,净月区,3298.4,44
1156,1115,69.1952499999999,25.8960000000007,净月区,446.0,47
1157,1228,71.8355000000024,17.2173333333324,净月区,491.20000000000005,69
1158,1932,64.3122500000004,25.173,净月区,772.8000000000001,16
1159,2061,63.4157500000008,21.1756666666669,净月区,824.4000000000001,22
1160,513,86.0947500000009,8.88499999999937,净月区,205.20000000000002,24
1161,1022,66.5227500000007,23.0726666666664,净月区,408.8,1
1162,539,87.3625000000011,18.6346666666661,净月区,215.60000000000002,24
1163,842,71.0750000000004,27.3380000000003,净月区,336.8,32
1164,1014,85.2522499999999,25.2310000000004,净月区,405.6,1
1165,1425,62.8965000000008,21.108333333333,净月区,570.0,4
1166,1222,88.5452500000028,29.0579999999991,净月区,488.8,69
1167,1111,85.0995000000019,9.13666666666776,净月区,444.40000000000003,47
1168,667,67.227250000002,19.9306666666672,净月区,266.8,10
1169,1888,83.2245,3.41366666666687,净月区,755.2,64
1170,1585,65.6827500000006,26.6866666666677,净月区,634.0,2
1171,1111,86.7552500000031,5.8186666666676,净月区,444.40000000000003,47
1172,1637,80.9007500000014,23.2533333333341,净月区,654.8000000000001,2
1173,399,88.0352500000008,19.3336666666658,净月区,159.60000000000002,9
1174,608,84.1530000000006,13.7499999999993,净月区,243.20000000000002,10
1175,1428,86.6837500000024,26.4390000000011,净月区,571.2,4
1176,1013,68.7010000000008,26.5060000000001,净月区,405.20000000000005,1
1177,1042,79.6777500000019,4.22533333333301,净月区,416.8,1
1178,2488,81.44025,23.3960000000006,净月区,995.2,29
1179,681,84.0695000000018,11.9149999999995,净月区,272.40000000000003,10
1180,958,81.7392500000018,22.3583333333342,净月区,383.20000000000005,1
1181,555,66.0784999999997,22.3646666666658,净月区,222.0,10
1182,1428,71.5415000000022,11.0473333333327,净月区,571.2,4
1183,2332,74.4070000000008,16.070333333334,净月区,932.8000000000001,70
1184,1362,84.5505000000024,18.8576666666667,净月区,544.8000000000001,50
1185,192,62.9590000000029,21.5486666666678,净月区,76.80000000000001,63
1186,4681,68.9555000000013,20.5056666666674,净月区,1872.4,39
1187,606,83.3370000000002,13.1109999999997,净月区,242.4,10
1188,660,83.3222500000019,11.7676666666663,净月区,264.0,10
1189,1084,70.6960000000017,16.7356666666668,净月区,433.6,47
1190,866,64.7127500000018,26.3416666666672,净月区,346.40000000000003,32
1191,1099,80.2895000000028,9.55266666666669,净月区,439.6,47
1192,774,89.1630000000028,19.0330000000003,净月区,309.6,14
1193,973,81.3177500000002,23.5859999999993,净月区,389.20000000000005,1
1194,5740,72.672500000003,16.5869999999989,净月区,2296.0,68
1195,599,79.4962500000018,9.46066666666686,净月区,239.60000000000002,10
1196,1241,68.5002500000032,24.8893333333342,净月区,496.40000000000003,69
1197,847,68.0167500000017,22.0020000000005,净月区,338.8,32
1198,451,67.3530000000007,19.241000000001,净月区,180.4,24
1199,1049,71.2952500000021,25.9556666666659,净月区,419.6,1
1200,3146,71.12725,22.2679999999992,净月区,1258.4,21
1201,1506,70.6695000000011,23.5073333333323,净月区,602.4,4
1202,964,83.8427500000023,17.4949999999991,净月区,385.6,1
1203,2212,69.3467500000011,27.749,净月区,884.8000000000001,19
1204,1602,74.5630000000013,17.065,净月区,640.8000000000001,2
1205,306,84.5337500000021,14.4186666666665,净月区,122.4,9
1206,1266,83.684250000001,4.75066666666635,净月区,506.40000000000003,50
1207,1334,70.0660000000006,24.6390000000005,净月区,533.6,50
1208,765,80.8795000000018,14.7813333333341,净月区,306.0,14
1209,3176,64.1795000000016,18.365333333333,净月区,1270.4,21
1210,781,84.8155000000013,18.3579999999992,净月区,312.40000000000003,14
1211,1512,85.7562500000029,4.05199999999913,净月区,604.8000000000001,4
1212,1258,80.9527500000016,5.97399999999955,净月区,503.20000000000005,50
1213,612,83.679250000003,18.3026666666658,净月区,244.8,10
1214,461,80.9445000000011,26.4819999999991,净月区,184.4,24
1215,230,86.4787500000013,24.4153333333325,净月区,92.0,63
1216,379,81.5584999999999,8.25633333333305,净月区,151.6,9
1217,454,85.166000000001,26.3840000000002,净月区,181.60000000000002,24
1218,541,72.3650000000013,11.6599999999991,净月区,216.4,24
1219,211,86.9425000000028,18.5333333333328,净月区,84.4,63
1220,964,64.85275,21.1213333333333,净月区,385.6,1
1221,2480,71.5210000000006,24.2859999999988,净月区,992.0,29
1222,1003,86.6942500000008,16.8463333333335,净月区,401.20000000000005,1
1223,816,74.9635000000026,18.0503333333325,净月区,326.40000000000003,14
1224,617,92.8582500000026,20.4923333333322,净月区,246.8,10
1225,1574,86.7552500000031,5.8186666666676,净月区,629.6,2
1226,1279,75.1262500000003,5.19800000000004,净月区,511.6,50
1227,315,83.2222500000022,15.0120000000011,净月区,126.0,9
1228,572,62.9590000000029,21.5486666666678,净月区,228.8,10
1229,959,78.4477500000023,13.6873333333322,净月区,383.6,1
1230,980,90.4867500000002,19.3763333333337,净月区,392.0,1
1231,152,84.5710000000004,15.0503333333324,净月区,60.800000000000004,23
1232,1640,69.9552500000031,21.3193333333332,净月区,656.0,2
1233,319,64.8125000000022,20.2150000000003,净月区,127.60000000000001,9
1234,1147,77.9802500000031,4.2546666666657,净月区,458.8,47
1235,396,68.1620000000009,26.8299999999992,净月区,158.4,9
1236,611,84.1855000000003,13.0709999999989,净月区,244.4,10
1237,1039,77.1245,10.321,净月区,415.6,1
1238,876,87.4125000000028,19.6126666666672,净月区,350.40000000000003,32
1239,1576,74.8120000000014,27.1316666666669,净月区,630.4000000000001,2
1240,1969,84.6905000000007,3.1393333333322,净月区,787.6,16
1241,5112,67.7277500000031,10.969333333333,净月区,2044.8000000000002,7
1242,1034,64.85275,21.1213333333333,净月区,413.6,1
1243,969,79.1297499999999,24.4493333333343,净月区,387.6,1
1244,981,78.2327500000015,23.1383333333331,净月区,392.40000000000003,1
1245,727,79.1782500000018,12.2110000000006,净月区,290.8,14
1246,424,82.1725000000022,4.67499999999887,净月区,169.60000000000002,9
1247,264,89.910500000002,18.9283333333326,净月区,105.60000000000001,63
1248,777,74.5130000000032,26.0569999999992,净月区,310.8,14
1249,142,86.7997500000008,15.7760000000001,净月区,56.800000000000004,23
1250,884,68.3812500000016,7.19899999999996,净月区,353.6,32
1251,174,64.2294999999997,22.2833333333341,净月区,69.60000000000001,23
1252,792,80.9002500000027,8.19966666666735,净月区,316.8,14
1253,1018,79.0160000000029,23.2163333333328,净月区,407.20000000000005,1
1254,3546,67.1697500000015,9.82766666666635,净月区,1418.4,37
1255,663,78.4255000000016,6.31966666666746,净月区,265.2,10
1256,82,85.0355,13.6729999999995,净月区,32.800000000000004,23
1257,1685,73.6725000000007,15.3463333333335,净月区,674.0,2
1258,483,79.6025,24.1599999999996,净月区,193.20000000000002,24
1259,244,84.1150000000006,17.3693333333323,净月区,97.60000000000001,63
1260,1681,77.4265000000014,22.617333333334,净月区,672.4000000000001,2
1261,128,85.9502499999998,17.4196666666665,净月区,51.2,23
1262,254,81.4422500000021,8.55966666666556,净月区,101.60000000000001,63
1263,551,91.6790000000027,20.0906666666659,净月区,220.4,24
1264,3048,78.7370000000003,23.6486666666664,净月区,1219.2,17
1265,452,80.6905000000029,12.5186666666674,净月区,180.8,24
1266,452,82.1560000000012,17.3933333333333,净月区,180.8,24
1267,1836,82.497250000003,4.52333333333381,净月区,734.4000000000001,64
1268,422,84.089500000001,12.2816666666665,净月区,168.8,9
1269,3275,31.917,29.5123333333341,汽开区,1310.0,56
1270,4948,27.8380000000027,27.2776666666677,汽开区,1979.2,25
1271,1720,41.7375,42.6246666666662,汽开区,688.0,5
1272,2485,41.3462500000001,42.4473333333329,汽开区,994.0,29
1273,2020,40.1620000000023,43.8230000000009,汽开区,808.0,16
1274,2620,20.7505000000019,27.9280000000005,汽开区,1048.0,43
1275,3507,21.6497500000017,25.0960000000002,汽开区,1402.8000000000002,37
1276,4206,44.0292500000012,43.4209999999998,汽开区,1682.4,6
1277,2494,24.7177500000007,25.1403333333329,汽开区,997.6,29
1278,6396,24.866750000001,27.054666666667,汽开区,2558.4,33
1279,1590,37.3557499999997,37.5709999999998,汽开区,636.0,2
1280,2536,29.9200000000006,28.4779999999998,汽开区,1014.4000000000001,29
1281,2980,36.6772500000003,37.0790000000009,汽开区,1192.0,17
1282,2471,45.6907500000021,40.8956666666664,汽开区,988.4000000000001,31
1283,2111,23.1250000000003,27.8253333333325,汽开区,844.4000000000001,22
1284,624,42.7752500000018,44.213999999999,汽开区,249.60000000000002,10
1285,1794,26.8717500000015,22.8773333333336,汽开区,717.6,5
1286,1394,41.382500000001,44.4910000000007,汽开区,557.6,4
1287,1310,41.3975000000022,43.738,汽开区,524.0,50
1288,1603,26.1607500000025,23.3980000000003,汽开区,641.2,2
1289,3352,21.9987500000016,34.2389999999995,汽开区,1340.8000000000002,8
1290,1134,25.6962500000029,25.7606666666656,汽开区,453.6,47
1291,3160,22.115000000003,35.1506666666666,汽开区,1264.0,21
1292,2204,35.9975000000006,41.5166666666664,汽开区,881.6,19
1293,1088,25.7802500000004,25.2986666666667,汽开区,435.20000000000005,47
1294,2773,41.0862500000029,37.3443333333322,汽开区,1109.2,30
1295,3714,24.3842500000007,35.0423333333344,汽开区,1485.6000000000001,26
1296,1215,31.0917500000016,27.6896666666673,汽开区,486.0,69
1297,1301,33.1487500000023,31.2483333333328,汽开区,520.4,50
1298,3314,23.6812500000028,26.5060000000001,汽开区,1325.6000000000001,56
1299,2317,31.9315000000024,30.6339999999992,汽开区,926.8000000000001,70
1300,499,43.538250000001,42.1493333333345,汽开区,199.60000000000002,24
1301,4868,18.8082500000029,35.8736666666673,汽开区,1947.2,20
1302,3358,25.7020000000026,28.8836666666678,汽开区,1343.2,8
1303,3388,34.4215000000006,39.4936666666676,汽开区,1355.2,8
1304,920,23.54725,27.5013333333334,汽开区,368.0,1
1305,706,41.9767499999999,44.5196666666661,汽开区,282.40000000000003,14
1306,1095,46.4025000000028,43.7546666666672,汽开区,438.0,47
1307,1270,44.5287500000013,43.0363333333332,汽开区,508.0,50
1308,1725,26.2985000000029,34.3080000000005,汽开区,690.0,5
1309,1751,30.2597500000026,36.4146666666656,汽开区,700.4000000000001,5
1310,543,39.9700000000003,42.280333333333,汽开区,217.20000000000002,10
1311,842,42.61275,39.306000000001,汽开区,336.8,32
1312,751,42.6125000000006,43.4956666666674,汽开区,300.40000000000003,14
1313,1364,27.225750000003,35.0076666666676,汽开区,545.6,4
1314,1023,33.5732499999999,32.6343333333341,汽开区,409.20000000000005,1
1315,2683,36.1420000000017,37.9089999999991,汽开区,1073.2,43
1316,1708,34.8717500000006,38.2336666666655,汽开区,683.2,5
1317,871,30.8555000000013,30.2333333333327,汽开区,348.40000000000003,32
1318,644,25.6335000000014,22.9616666666672,汽开区,257.6,10
1319,513,37.3422500000018,42.1669999999992,汽开区,205.20000000000002,24
1320,1318,41.3335000000004,39.3466666666669,汽开区,527.2,50
1321,733,39.3822500000027,42.0929999999989,汽开区,293.2,14
1322,1077,42.8722500000021,38.9313333333329,汽开区,430.8,47
1323,625,38.9172500000008,40.2463333333335,汽开区,250.0,10
1324,1614,32.4242500000018,38.0306666666665,汽开区,645.6,2
1325,1425,31.2550000000016,36.7200000000002,汽开区,570.0,4
1326,2245,40.8480000000004,40.1509999999992,汽开区,898.0,19
1327,1392,27.1967500000017,35.4806666666671,汽开区,556.8000000000001,4
1328,1692,32.8660000000021,38.1799999999994,汽开区,676.8000000000001,5
1329,372,29.4472500000005,26.909666666666,汽开区,148.8,9
1330,340,38.9335000000024,42.5503333333334,汽开区,136.0,9
1331,2389,27.7042500000029,34.8186666666663,汽开区,955.6,31
1332,1270,36.10325,39.4323333333328,汽开区,508.0,50
1333,1277,22.9774999999997,34.4733333333333,汽开区,510.8,50
1334,704,36.2205000000024,38.6796666666669,汽开区,281.6,14
1335,2200,29.0014999999997,36.2336666666678,汽开区,880.0,19
1336,1700,23.3337500000026,35.4473333333327,汽开区,680.0,5
1337,3013,28.100000000002,35.8326666666666,汽开区,1205.2,17
1338,167,43.3082500000026,43.5299999999993,汽开区,66.8,23
1339,192,40.96075,43.8433333333326,汽开区,76.80000000000001,63
1340,399,42.7160000000022,36.5443333333341,汽开区,159.60000000000002,9
1341,772,42.3410000000004,39.722,汽开区,308.8,14
1342,830,30.999750000003,37.2413333333341,汽开区,332.0,32
1343,1422,25.8552500000029,36.0923333333337,汽开区,568.8000000000001,4
1344,1961,37.2372500000004,39.3076666666659,汽开区,784.4000000000001,16
1345,3286,30.4270000000031,35.5846666666674,汽开区,1314.4,56
1346,3528,28.3797500000027,36.6796666666668,汽开区,1411.2,37
1347,2275,31.6557500000023,33.2920000000006,汽开区,910.0,19
1348,180,20.9857500000012,29.9049999999994,汽开区,72.0,23
1349,615,42.0947500000004,38.2983333333324,汽开区,246.0,10
1350,162,41.9075000000007,43.5240000000003,汽开区,64.8,23
1351,158,46.6377500000021,41.3866666666678,汽开区,63.2,23
1352,1182,35.8160000000005,40.9610000000005,汽开区,472.8,69
1353,563,25.8972499999999,35.1986666666662,汽开区,225.20000000000002,10
1354,358,43.5425000000009,42.6329999999998,汽开区,143.20000000000002,9
1355,2908,30.8194999999998,32.7603333333334,汽开区,1163.2,40
1356,2092,32.3312500000021,37.2203333333327,汽开区,836.8000000000001,22
1357,1232,32.8100000000013,36.4026666666675,汽开区,492.8,69
1358,459,34.1185000000017,38.0283333333343,汽开区,183.60000000000002,24
1359,1591,29.3227500000022,35.1789999999994,汽开区,636.4000000000001,2
1360,661,45.3195000000015,41.5143333333343,汽开区,264.40000000000003,10
1361,1272,33.0402500000027,35.9600000000005,汽开区,508.8,50
1362,882,36.2102499999999,39.5076666666678,汽开区,352.8,32
1363,743,23.84275,34.0973333333328,汽开区,297.2,14
1364,1373,32.804500000001,34.7863333333341,汽开区,549.2,4
1365,155,39.025500000001,42.2203333333329,汽开区,62.0,23
1366,663,35.1732499999997,39.6029999999996,汽开区,265.2,10
1367,372,34.0560000000032,38.7393333333345,汽开区,148.8,9
1368,840,35.1485000000018,37.1406666666658,汽开区,336.0,32
1369,654,41.673000000003,40.7780000000007,汽开区,261.6,10
1370,545,33.3157499999999,33.2040000000002,汽开区,218.0,10
1371,298,34.753000000002,38.5166666666663,汽开区,119.2,9
1372,153,24.5725000000014,34.1933333333344,汽开区,61.2,23
1373,194,44.6602499999997,40.3956666666664,汽开区,77.60000000000001,63
1374,374,32.9050000000031,39.2923333333333,汽开区,149.6,9
1375,1996,33.0314999999999,34.9839999999991,汽开区,798.4000000000001,16
1376,1987,32.1190000000016,36.0309999999989,汽开区,794.8000000000001,16
1377,1939,41.1532500000007,41.0946666666661,汽开区,775.6,16
1378,1707,31.8290000000019,35.3706666666677,汽开区,682.8000000000001,5
1379,663,31.4782500000028,34.4923333333327,汽开区,265.2,10
1380,440,25.5322500000013,35.090333333334,汽开区,176.0,24
1381,120,43.6322500000017,43.895999999999,汽开区,48.0,23
1382,329,36.1830000000012,36.433,汽开区,131.6,9
1383,167,41.3807500000019,38.0533333333328,汽开区,66.8,23
1384,600,38.1730000000005,37.5493333333334,汽开区,240.0,10
1385,455,43.3030000000016,44.2773333333335,汽开区,182.0,24
1386,147,45.6907500000021,40.8956666666664,汽开区,58.800000000000004,23
1387,1896,31.1880000000002,32.1430000000002,汽开区,758.4000000000001,64
1388,2066,30.147000000003,27.5859999999994,汽开区,826.4000000000001,22
1389,285,41.4027500000032,40.6326666666672,汽开区,114.0,9
1390,315,43.1232500000007,43.3376666666661,汽开区,126.0,9
1391,556,23.9185000000006,33.8213333333333,汽开区,222.4,10
1392,1034,34.9710000000023,36.639000000001,汽开区,413.6,1
1393,448,45.9027499999998,40.1363333333341,汽开区,179.20000000000002,24
1394,494,32.1595000000023,32.6533333333335,汽开区,197.60000000000002,24
1395,433,41.4652500000017,41.7413333333343,汽开区,173.20000000000002,9
1396,409,33.1617500000014,39.2066666666674,汽开区,163.60000000000002,9
1397,332,42.5125000000008,44.2586666666666,汽开区,132.8,9
1398,253,31.1330000000005,38.388,汽开区,101.2,63
1399,267,36.2297500000004,36.0790000000009,汽开区,106.80000000000001,63
1400,226,41.8987500000014,40.4649999999999,汽开区,90.4,63
1401,1086,32.745000000002,34.0253333333322,汽开区,434.40000000000003,47
1402,381,31.5422500000011,38.1796666666669,汽开区,152.4,9
1403,102,32.9050000000031,39.2923333333333,汽开区,40.800000000000004,23
1404,421,38.1365000000002,40.7923333333334,汽开区,168.4,9
1405,908,25.5097500000012,34.5063333333329,汽开区,363.20000000000005,1
1406,744,35.6472500000002,40.5273333333322,汽开区,297.6,14
1407,727,26.0737500000019,36.6283333333328,汽开区,290.8,14
1408,320,33.625500000003,36.866000000001,汽开区,128.0,9
1409,134,45.322500000001,42.283,汽开区,53.6,23
