小区编号,小区栋数,小区户数（户）,小区人口数（人）,小区横坐标,小区纵坐标,街道编号,所属区域,最近路口节点
1,11,1060,2417,57.9025000000009,62.1323333333332,C0035,宽城区,3147
2,37,4171,9080,51.7922500000019,61.6066666666673,C0048,宽城区,4525
3,3,480,1333,54.8022500000016,54.8809999999994,C0010,宽城区,6727
4,19,1093,2658,54.2157500000009,67.8423333333337,C0053,宽城区,8023
5,15,1330,3033,56.7305000000005,61.4793333333334,C0035,宽城区,3150
6,11,2546,5450,47.8217500000007,65.6379999999999,C0054,宽城区,7572
7,10,1365,3806,57.8710000000022,59.0090000000008,C0024,宽城区,6610
8,27,1996,4853,53.9115000000017,68.6316666666661,C0053,宽城区,8023
9,10,972,2002,54.8905000000026,67.5750000000003,C0034,宽城区,1092
10,20,762,2775,57.7405000000013,64.6423333333341,C0029,宽城区,6612
11,12,1415,3504,58.3552500000017,69.7093333333333,C0030,宽城区,1870
12,9,575,1184,54.7114999999998,61.394,C0034,宽城区,3152
13,5,624,2272,57.8122500000013,65.9596666666668,C0029,宽城区,1866
14,23,2167,5498,53.9822500000007,72.235333333334,C0056,宽城区,4616
15,16,711,2589,57.7500000000022,62.8986666666667,C0029,宽城区,6605
16,34,2403,8007,60.6930000000006,66.1620000000009,C0040,宽城区,7739
17,13,1309,2766,57.7760000000005,59.8536666666666,C0027,宽城区,6603
18,38,4237,8960,58.3402500000005,68.8910000000007,C0041,宽城区,1870
19,9,625,1548,58.5285000000013,66.3123333333336,C0030,宽城区,9573
20,25,1217,3395,58.4544999999999,58.3376666666666,C0024,宽城区,6610
21,7,415,1027,58.9427499999999,62.9830000000003,C0030,宽城区,7737
22,21,1578,3825,46.3572499999998,60.5233333333336,C0049,宽城区,7562
23,18,687,1566,57.6880000000024,63.8290000000007,C0035,宽城区,1864
24,17,775,1837,58.7832500000012,63.8556666666664,C0023,宽城区,1864
25,5,975,2176,53.8170000000022,56.4060000000003,C0019,宽城区,7729
26,3,1310,2900,63.415250000002,53.2693333333327,C0018,宽城区,1397
27,10,609,1290,52.5747500000016,62.800333333333,C0047,宽城区,3138
28,13,574,1361,58.7480000000014,64.5243333333336,C0023,宽城区,1865
29,13,964,2000,60.3477500000018,57.4190000000006,C0026,宽城区,3744
30,13,1691,4008,60.7765000000029,62.9056666666656,C0023,宽城区,6305
31,21,3174,6491,62.086500000003,49.1369999999994,C0058,宽城区,5557
32,3,295,673,56.6375000000008,60.8573333333335,C0035,宽城区,3150
33,11,1340,2831,59.8377499999998,62.9066666666679,C0027,宽城区,7737
34,13,1454,3075,59.6325000000029,65.776666666667,C0041,宽城区,7739
35,34,1868,4109,60.9169999999999,65.8056666666672,C0039,宽城区,7739
36,4,875,2009,57.3807500000001,50.3933333333322,C0006,宽城区,1145
37,20,1239,2766,48.2297500000009,64.2266666666676,C0051,宽城区,3059
38,17,967,2065,50.0002500000001,62.7279999999999,C0045,宽城区,3056
39,4,587,1383,53.6187500000018,56.0169999999995,C0020,宽城区,8694
40,33,1758,3924,55.0770000000007,60.0593333333327,C0019,宽城区,8342
41,9,1064,2654,59.885750000003,63.4889999999994,C0028,宽城区,7737
42,7,350,722,52.7995000000026,50.0903333333322,C0015,宽城区,4218
43,20,1336,2982,49.9330000000029,64.7716666666677,C0051,宽城区,6209
44,10,774,1722,52.3430000000005,65.1436666666664,C0043,宽城区,5023
45,3,256,812,55.0882500000007,59.0463333333323,C0033,宽城区,6195
46,29,2270,5371,61.1080000000008,51.8816666666666,C0022,宽城区,3983
47,14,1078,2238,50.7907500000009,63.6173333333332,C0042,宽城区,6204
48,10,1218,3719,58.6127500000018,50.521000000001,C0002,宽城区,1883
49,2,563,1963,59.2395000000003,54.916666666666,C0025,宽城区,5581
50,12,1677,3868,65.0430000000029,65.5423333333332,C0031,宽城区,7417
51,15,844,1982,63.6135000000024,60.0270000000004,C0037,宽城区,4260
52,7,552,1228,53.5702499999999,66.1513333333327,C0043,宽城区,5020
53,21,1250,3479,51.4260000000029,67.8490000000001,C0055,宽城区,9417
54,17,1233,3432,50.3230000000023,68.871333333334,C0055,宽城区,9418
55,2,616,1472,45.0910000000029,60.5900000000001,C0046,宽城区,7711
56,10,559,1194,49.0952500000006,64.2953333333338,C0045,宽城区,6200
57,7,611,1316,50.9847500000014,65.5789999999996,C0044,宽城区,5025
58,4,421,960,55.1322499999998,59.1170000000005,C0035,宽城区,6196
59,1,210,662,54.4555000000031,50.2733333333344,C0011,宽城区,1412
60,4,475,1024,63.0052499999998,49.8153333333325,C0003,宽城区,4859
61,11,650,1351,56.9412500000013,57.0769999999996,C0021,宽城区,3739
62,6,421,874,60.5997500000015,56.7446666666669,C0026,宽城区,3744
63,7,590,1260,50.2475000000011,63.8526666666669,C0045,宽城区,6206
64,11,540,1202,51.5597500000027,66.7196666666664,C0043,宽城区,9417
65,12,1045,2168,60.3477500000018,57.4190000000006,C0026,宽城区,3744
66,17,1381,3205,58.9587500000022,60.1076666666671,C0032,宽城区,7740
67,10,571,1186,50.3947500000024,64.600000000001,C0042,宽城区,6208
68,7,1703,3762,58.7650000000011,53.2536666666677,C0016,宽城区,2887
69,7,643,1333,61.5987500000017,55.6713333333339,C0026,宽城区,6597
70,9,764,1700,51.8547500000004,65.743,C0043,宽城区,5024
71,11,820,1785,48.9105000000016,62.9513333333331,C0048,宽城区,6216
72,9,659,1459,63.5242500000004,55.1300000000007,C0018,宽城区,6180
73,7,446,992,51.7395000000001,65.1896666666663,C0043,宽城区,5024
74,5,811,2023,62.1765000000032,59.6083333333345,C0028,宽城区,6303
75,15,2015,4649,64.1065000000012,64.5793333333344,C0031,宽城区,8207
76,3,1547,3602,55.0707500000023,55.2303333333342,C0013,宽城区,2880
77,10,865,1796,50.4975000000023,64.8823333333345,C0042,宽城区,6208
78,7,1405,3400,57.1307500000025,48.4200000000001,C0001,宽城区,6891
79,3,448,923,54.7247500000019,60.6556666666667,C0034,宽城区,8696
80,6,280,577,55.0224999999998,62.2456666666669,C0034,宽城区,7730
81,5,371,886,44.7160000000011,62.0110000000006,C0046,宽城区,3263
82,9,581,1349,57.9535,56.5443333333325,C0032,宽城区,9260
83,7,491,1246,53.9822500000007,72.235333333334,C0056,宽城区,4616
84,4,552,1285,53.5485000000016,51.730333333334,C0013,宽城区,4211
85,11,810,1834,47.7665000000016,64.0469999999998,C0050,宽城区,3059
86,12,911,2016,63.4414999999997,56.0196666666665,C0018,宽城区,6302
87,14,557,1331,45.354500000002,61.487666666667,C0046,宽城区,3263
88,1,89,203,56.3070000000003,58.835666666667,C0035,宽城区,7733
89,3,354,788,53.5545000000006,67.9903333333343,C0043,宽城区,8023
90,7,513,1096,50.5167499999999,63.039000000001,C0045,宽城区,3055
91,3,236,491,55.15325,57.4269999999994,C0021,宽城区,7728
92,13,843,1801,50.1557500000018,61.6383333333322,C0045,宽城区,7241
93,4,152,313,55.384250000003,61.4433333333343,C0034,宽城区,3151
94,10,731,1516,61.6057500000018,56.6190000000001,C0026,宽城区,5591
95,5,367,855,53.4842500000003,52.0953333333338,C0013,宽城区,6707
96,10,617,1496,49.0225000000031,61.387000000001,C0049,宽城区,4523
97,13,908,2265,60.34425,58.3703333333337,C0028,宽城区,7736
98,10,948,2042,52.8147500000031,63.788,C0044,宽城区,3138
99,16,1735,3574,58.6385000000007,69.428666666667,C0034,宽城区,1870
100,10,625,1346,50.4215000000023,63.3783333333327,C0044,宽城区,6206
101,10,618,1715,63.6787500000011,59.4810000000005,C0036,宽城区,4260
102,5,529,1246,53.8957500000024,55.5356666666664,C0020,宽城区,7503
103,6,390,905,56.9907500000006,59.6099999999993,C0032,宽城区,7734
104,6,472,1144,46.3942500000023,61.2043333333337,C0049,宽城区,7561
105,4,385,801,58.9515000000027,56.3643333333322,C0021,宽城区,6594
106,3,185,381,55.1727500000006,59.0189999999993,C0034,宽城区,6195
107,4,250,519,60.1197500000019,56.7223333333331,C0026,宽城区,3744
108,4,418,1545,57.0785000000029,52.7456666666666,C0009,宽城区,6710
109,6,524,1307,58.7772500000021,60.6946666666678,C0028,宽城区,3146
110,8,596,1262,51.690500000003,59.0806666666666,C0047,宽城区,1334
111,3,227,480,51.1395000000015,62.8676666666668,C0047,宽城区,3054
112,5,235,484,54.5834999999997,62.7550000000004,C0034,宽城区,8690
113,1,97,252,56.5727500000008,50.263666666666,C0008,宽城区,1529
114,15,835,2632,54.562500000003,52.5376666666659,C0011,宽城区,1111
115,4,246,511,56.7502500000003,58.644000000001,C0021,宽城区,7731
116,10,635,1405,62.6397500000024,57.4533333333325,C0018,宽城区,3745
117,7,520,1148,59.0012500000015,51.3423333333331,C0016,宽城区,3980
118,4,133,274,52.2165000000001,50.612000000001,C0015,宽城区,6744
119,3,218,462,52.4769999999997,62.3896666666658,C0047,宽城区,3139
120,1,37,77,56.0749999999999,60.2299999999995,C0034,宽城区,8695
121,8,578,1267,51.5605000000008,50.3283333333329,C0014,宽城区,6720
122,4,184,394,48.9355000000025,63.9296666666667,C0054,宽城区,6200
123,13,1298,4224,54.6070000000007,50.9529999999998,C0012,宽城区,1445
124,1,363,802,59.9782500000003,54.9913333333336,C0016,宽城区,7490
125,5,391,843,49.2247500000005,63.6266666666667,C0044,宽城区,6207
126,12,497,1070,51.3022500000027,64.7013333333343,C0044,宽城区,6208
127,1,78,207,56.5147500000016,58.3173333333325,C0017,宽城区,7732
128,7,270,556,52.8707500000003,51.9970000000001,C0015,宽城区,3975
129,3,374,846,47.9235000000031,64.403666666666,C0050,宽城区,3059
130,4,340,1135,62.8127500000026,50.4559999999993,C0004,宽城区,8126
131,1,378,1049,54.9237500000004,53.1349999999999,C0010,宽城区,2884
132,1,225,597,56.6107500000008,57.7023333333339,C0017,宽城区,3739
133,3,281,746,57.6152500000013,57.0216666666662,C0017,宽城区,6611
134,4,285,922,62.5437499999997,59.3339999999998,C0038,宽城区,6303
135,1,62,144,52.9295000000012,50.5646666666664,C0013,宽城区,1158
136,11,708,1971,52.2072500000022,67.5113333333333,C0055,宽城区,9417
137,4,396,854,63.6792499999999,50.285,C0003,宽城区,8126
138,10,781,1684,63.2495000000013,49.093333333334,C0003,宽城区,3074
139,7,508,1410,63.7354999999999,58.6979999999997,C0036,宽城区,4260
140,3,190,504,56.9102500000014,57.3946666666672,C0017,宽城区,3739
141,7,323,783,47.08325,61.7830000000007,C0049,宽城区,3265
142,8,562,1190,52.069000000003,62.8876666666661,C0047,宽城区,3138
143,3,108,254,55.1322499999998,59.1170000000005,C0020,宽城区,6196
144,7,740,1963,58.6070000000021,52.6653333333324,C0017,宽城区,1879
145,7,585,1418,45.9142500000027,60.1036666666677,C0049,宽城区,6393
146,1,116,241,60.9357500000023,55.522666666666,C0026,宽城区,6597
147,2,173,646,58.0617500000002,49.724,C0007,宽城区,1514
148,12,853,1959,55.5490000000027,51.7966666666657,C0006,宽城区,6711
149,7,667,1664,58.8405000000023,61.2289999999997,C0028,宽城区,3146
150,5,316,669,51.9722500000022,64.2986666666658,C0047,宽城区,3138
151,7,312,756,47.1874999999997,61.7479999999991,C0049,宽城区,3265
152,4,219,464,52.3629999999997,65.0513333333341,C0047,宽城区,5023
153,5,344,729,51.3022500000027,64.7013333333343,C0047,宽城区,6208
154,5,234,785,52.1952500000005,50.2013333333338,C0057,宽城区,1470
155,5,414,871,63.0387500000005,50.7500000000007,C0005,宽城区,8126
156,5,377,835,62.2507500000005,57.2690000000004,C0018,宽城区,3745
157,7,672,1705,54.338750000003,68.6196666666656,C0056,宽城区,4608
158,3,354,1081,59.5750000000024,52.1300000000006,C0002,宽城区,3977
159,4,277,662,45.5550000000002,62.7153333333344,C0046,宽城区,7705
160,3,443,1044,55.7775000000014,60.7680000000007,C0020,宽城区,8697
161,1,328,1095,61.7390000000029,49.7873333333345,C0004,宽城区,4508
162,1,240,514,51.4812500000019,63.4970000000005,C0054,宽城区,3054
163,8,439,972,62.3865000000023,56.5113333333329,C0018,宽城区,5590
164,2,111,261,55.384250000003,61.4433333333343,C0020,宽城区,3151
165,9,467,951,47.2410000000032,68.2100000000006,C0052,宽城区,6397
166,3,1185,2792,53.6187500000018,56.0169999999995,C0020,宽城区,8694
167,3,188,523,51.7752500000022,63.2043333333338,C0055,宽城区,3138
168,7,570,1315,63.3510000000008,60.7009999999993,C0031,宽城区,6179
169,30,3319,7330,65.2070000000009,43.5193333333335,E0033,二道区,7244
170,34,2525,6309,70.6389999999999,43.3019999999994,E0007,二道区,7298
171,19,1796,3659,67.0455000000025,44.8019999999995,E0009,二道区,2473
172,24,2413,7817,71.0104999999999,42.3813333333338,E0018,二道区,2417
173,30,5230,11489,69.8310000000006,42.307666666666,E0008,二道区,2416
174,12,2138,4315,71.8337499999997,43.1526666666666,E0015,二道区,9709
175,22,2689,6719,69.9232500000022,43.5033333333337,E0007,二道区,7639
176,10,2230,5153,71.3410000000003,44.7013333333336,E0014,二道区,2467
177,16,2773,7266,70.9077499999999,48.6473333333327,E0030,二道区,2592
178,34,982,1995,65.6145000000024,39.4813333333322,E0012,二道区,2403
179,26,1506,3126,67.4835000000016,44.9409999999991,E0025,二道区,2472
180,20,873,1758,65.1020000000031,44.6479999999999,E0034,二道区,2515
181,13,1015,2220,70.4530000000005,44.5366666666658,E0006,二道区,7636
182,23,2646,6031,68.0390000000024,43.3956666666665,E0026,二道区,8523
183,36,3631,7397,66.9890000000031,42.9203333333324,E0009,二道区,2572
184,30,1187,2534,67.4700000000001,39.0753333333341,E0004,二道区,9171
185,22,2257,5378,67.5625000000011,58.1083333333344,E0036,二道区,7388
186,11,2096,5930,67.5870000000032,50.6076666666668,E0043,二道区,9802
187,22,1417,3980,69.0390000000001,39.5840000000002,E0005,二道区,2396
188,11,668,1460,69.7945000000004,45.4456666666658,E0006,二道区,2470
189,10,1468,2963,72.0280000000031,42.1359999999993,E0015,二道区,2418
190,15,828,1811,69.7312500000002,45.8216666666663,E0006,二道区,2470
191,19,3514,7681,70.0029999999998,39.8693333333332,E0017,二道区,2393
192,23,2843,7986,68.2335000000016,42.637999999999,E0005,二道区,8523
193,21,2067,4413,68.114750000003,41.1993333333337,E0004,二道区,8531
194,14,1577,5100,69.7045000000003,47.0169999999991,E0029,二道区,2557
195,6,841,1872,65.8477499999997,49.3159999999998,E0028,二道区,1383
196,8,1471,3173,72.0170000000024,44.6949999999996,E0024,二道区,2465
197,10,740,1767,65.8357500000015,41.4786666666676,E0013,二道区,7150
198,16,1941,4834,70.3942499999997,41.3066666666661,E0021,二道区,2425
199,17,1315,2875,70.0060000000029,40.9626666666677,E0006,二道区,2356
200,7,1402,3766,70.559750000001,49.0126666666673,E0023,二道区,2555
201,14,989,2307,73.0965000000019,41.2473333333333,E0016,二道区,2376
202,9,585,1249,67.4495000000022,40.6616666666674,E0004,二道区,8532
203,6,576,1313,68.8207500000004,45.4253333333341,E0026,二道区,2471
204,19,849,1936,69.503000000001,46.5639999999989,E0026,二道区,2558
205,9,754,1766,68.6260000000019,44.944666666666,E0027,二道区,7638
206,19,2248,6361,67.4650000000021,51.4933333333332,E0043,二道区,3603
207,54,2464,5774,67.9890000000007,46.3366666666663,E0027,二道区,7552
208,19,1032,2585,70.9370000000007,39.5800000000008,E0022,二道区,2392
209,27,1356,2987,69.59625,57.4040000000006,E0037,二道区,3302
210,2,1024,2366,69.3262500000031,41.4773333333329,E0014,二道区,2355
211,9,2135,4704,69.9552500000031,51.4926666666658,E0037,二道区,3608
212,10,389,792,68.8075000000019,40.7203333333328,E0009,二道区,2354
213,15,1401,3119,67.0072500000032,47.1010000000002,E0028,二道区,6930
214,13,648,1398,70.231500000002,46.1833333333341,E0024,二道区,2559
215,10,963,2077,69.9922500000021,47.4993333333345,E0024,二道区,2556
216,9,537,1178,67.3405000000003,41.3523333333335,E0010,二道区,8531
217,8,658,1648,70.0682500000021,44.8796666666667,E0022,二道区,2470
218,5,985,2413,75.0100000000025,44.2876666666668,E0048,二道区,8535
219,45,1920,5284,68.2197500000008,63.7376666666659,E0040,二道区,3306
220,7,532,1084,68.8552500000021,40.1993333333337,E0009,二道区,7644
221,24,3214,10019,71.1820000000003,57.1376666666671,E0039,二道区,3303
222,18,969,2135,69.585,58.3160000000002,E0037,二道区,7386
223,6,1619,4076,67.1447500000006,55.1953333333325,E0038,二道区,7405
224,7,587,1472,70.7070000000023,45.4496666666676,E0022,二道区,2469
225,18,1104,2421,66.4147499999999,42.1363333333342,E0010,二道区,2410
226,6,533,1169,66.6195000000016,41.6906666666677,E0010,二道区,2410
227,18,1385,3299,67.8917500000011,59.8916666666677,E0036,二道区,3300
228,9,426,868,67.2449999999998,45.3240000000008,E0009,二道区,6934
229,10,1746,4267,67.7777500000012,50.9953333333328,E0042,二道区,3603
230,10,1389,3823,68.0195000000019,61.0740000000002,E0040,二道区,4629
231,10,1389,3497,68.584750000003,56.5063333333337,E0038,二道区,6313
232,5,380,906,65.832750000002,41.9300000000007,E0013,二道区,2419
233,12,1022,2065,71.9242500000021,48.2853333333324,E0020,二道区,2592
234,15,993,2004,71.2740000000025,40.6730000000006,E0015,二道区,2357
235,11,820,2065,68.6057499999997,57.3763333333327,E0038,二道区,7400
236,5,214,434,65.6050000000015,40.3049999999989,E0012,二道区,7151
237,10,988,2561,67.8677500000013,53.3953333333344,E0041,二道区,9186
238,5,734,1902,68.5165000000012,54.5139999999999,E0041,二道区,5568
239,9,1049,2312,70.3790000000026,57.6736666666662,E0037,二道区,3302
240,7,632,1277,69.9922500000021,47.4993333333345,E0020,二道区,2556
241,7,950,2263,66.8035000000025,60.9076666666676,E0036,二道区,3292
242,10,643,1431,66.9652500000026,48.7036666666659,E0028,二道区,9762
243,7,1048,2884,67.7680000000009,61.5009999999998,E0040,二道区,4629
244,14,1108,2872,68.6190000000018,52.4666666666676,E0041,二道区,1389
245,13,1378,3599,74.109,57.3783333333324,E0032,二道区,8721
246,7,371,756,67.3145000000019,46.0009999999992,E0009,二道区,2561
247,22,1296,3384,73.2752500000018,57.1300000000008,E0032,二道区,4648
248,22,3232,8489,68.5155000000002,65.0093333333336,E0031,二道区,3307
249,11,507,1182,72.0745000000029,40.079666666666,E0016,二道区,2336
250,2,1056,2152,69.0045000000019,41.4869999999989,E0010,二道区,2415
251,5,471,1122,67.2635000000028,57.6879999999989,E0036,二道区,7141
252,2,116,236,66.2149999999997,38.9696666666666,E0012,二道区,2408
253,5,316,642,66.4905000000005,39.2003333333335,E0012,二道区,2408
254,7,1182,2401,65.4297499999998,40.5149999999992,E0011,二道区,2349
255,4,141,309,66.8710000000026,40.6519999999991,E0010,二道区,2351
256,4,273,637,73.2577499999998,41.9719999999989,E0016,二道区,2376
257,7,424,1010,67.7127500000019,58.4186666666658,E0036,二道区,7388
258,9,541,1187,67.5457500000007,47.2323333333335,E0010,二道区,7553
259,3,272,597,66.6457500000028,40.6716666666659,E0010,二道区,2351
260,3,350,768,68.2345000000026,41.9116666666663,E0034,二道区,2415
261,3,255,639,69.5675000000016,45.1029999999998,E0022,二道区,2471
262,8,749,1941,68.2365000000011,47.5143333333345,E0041,二道区,7554
263,3,276,659,65.5497500000024,41.1666666666667,E0011,二道区,7150
264,5,748,1745,71.6050000000017,39.5109999999998,E0016,二道区,2336
265,10,617,1470,67.9492500000016,58.1359999999999,E0036,二道区,7384
266,9,482,971,66.3170000000015,44.3266666666678,E0044,二道区,2386
267,5,309,1081,66.4647500000015,40.1989999999988,E0011,二道区,2409
268,14,1990,5157,69.9977500000024,58.8849999999989,E0041,二道区,7386
269,7,485,1215,70.0540000000025,41.5126666666671,E0022,二道区,2425
270,4,593,1536,67.8677500000013,53.3953333333344,E0041,二道区,9186
271,2,212,742,66.4862500000005,38.8786666666666,E0011,二道区,2408
272,3,246,861,66.8150000000019,39.0826666666655,E0011,二道区,7242
273,17,1000,2383,67.4830000000029,56.2830000000005,E0036,二道区,6312
274,27,2885,5828,68.5937500000016,48.4993333333345,E0020,二道区,2574
275,2,258,600,73.4787500000032,46.5469999999992,E0019,二道区,9705
276,11,1076,2563,67.9630000000024,57.2583333333322,E0036,二道区,7400
277,2,282,706,69.8187500000032,38.9293333333332,E0022,二道区,2430
278,14,1652,3936,69.6635000000008,61.6096666666669,E0036,二道区,6281
279,5,480,969,71.3612500000025,41.3580000000001,E0022,二道区,2358
280,41,2100,4251,68.8562500000032,64.346333333333,E0001,二道区,6251
281,14,1158,2344,67.5355000000018,56.5243333333333,E0001,二道区,6312
282,2,142,356,69.4442500000001,39.8613333333344,E0022,二道区,2395
283,4,309,1082,65.832750000002,41.9300000000007,E0011,二道区,2419
284,2,104,364,66.2754999999997,40.3589999999999,E0011,二道区,2409
285,2,312,1078,66.6195000000016,45.9313333333332,E0044,二道区,2563
286,5,128,320,71.2460000000021,45.5193333333336,E0022,二道区,2467
287,5,546,1368,68.5475000000011,38.6373333333339,E0022,二道区,2434
288,14,1021,2730,71.3822500000028,39.2500000000003,E0047,二道区,2448
289,5,261,698,72.0652500000014,39.7076666666673,E0047,二道区,2336
290,4,701,1874,71.5325,38.8893333333324,E0047,二道区,2448
291,6,350,813,73.0240000000002,40.2286666666664,E0019,二道区,2368
292,9,1114,2251,72.8752500000027,52.7230000000003,E0020,二道区,3157
293,5,314,636,67.7127500000019,58.4186666666658,E0003,二道区,7388
294,3,413,834,68.6575000000005,55.8036666666671,E0003,二道区,6313
295,5,404,1395,67.1999999999997,45.9193333333327,E0044,二道区,2561
296,3,260,652,71.5452499999998,39.9043333333324,E0047,二道区,2336
297,2,68,238,66.8710000000026,40.6519999999991,E0011,二道区,2351
298,6,406,1086,73.2377500000006,38.7406666666668,E0047,二道区,2337
299,9,695,2471,67.5707500000016,57.0326666666669,E0003,二道区,7399
300,5,179,478,69.2700000000031,40.5936666666662,E0047,二道区,2355
301,4,287,667,72.8875000000002,40.4983333333343,E0019,二道区,8100
302,3,180,481,72.2457500000004,39.4323333333328,E0047,二道区,2336
303,10,214,572,70.2914999999997,38.7756666666661,E0047,二道区,2445
304,7,634,2189,67.7777500000012,50.9953333333328,E0044,二道区,3603
305,18,1155,2683,72.004500000002,47.5986666666657,E0019,二道区,9121
306,5,546,1459,71.911250000003,38.7269999999991,E0047,二道区,2298
307,7,261,901,67.6270000000017,46.9873333333339,E0044,二道区,2550
308,4,267,714,72.6265000000019,38.8639999999991,E0047,二道区,2298
309,8,689,2379,68.8107500000008,53.6336666666675,E0044,二道区,5568
310,10,1362,3557,73.2752500000018,57.1300000000008,E0032,二道区,4648
311,16,1426,3872,69.3222500000026,61.0029999999995,E0002,二道区,4627
312,3,201,695,67.0680000000026,46.2246666666673,E0044,二道区,8086
313,3,128,449,66.2495000000014,40.6860000000009,E0011,二道区,2350
314,3,221,774,65.9745000000029,40.8373333333335,E0011,二道区,2350
315,5,1414,3781,72.5817500000012,42.3003333333322,E0049,二道区,2418
316,14,1403,3664,69.3642500000031,59.6553333333342,E0032,二道区,7386
317,3,398,1374,68.8655000000011,43.8463333333322,E0044,二道区,7638
318,6,313,818,72.8377500000015,49.9763333333334,E0032,二道区,9706
319,3,375,833,72.8074999999997,39.5073333333329,E0049,二道区,2337
320,6,318,706,72.1877500000012,38.7739999999989,E0049,二道区,2298
321,5,708,1849,72.8207500000018,55.0146666666673,E0032,二道区,6316
322,5,158,553,66.0505000000029,39.7259999999993,E0044,二道区,2402
323,3,98,338,66.5995000000024,47.0250000000003,E0044,二道区,2596
324,2,102,214,68.9507500000026,38.9596666666658,E0046,二道区,2441
325,4,315,699,70.5227500000021,41.2876666666667,E0049,二道区,2426
326,2,318,736,68.5830000000003,53.7353333333333,E0035,二道区,5568
327,2,510,1068,68.5252500000004,39.0930000000012,E0046,二道区,2436
328,3,188,426,69.8187500000032,38.9293333333332,E0050,二道区,2430
329,4,467,977,67.5542500000006,38.5156666666665,E0046,二道区,2306
330,6,272,666,74.0815000000019,49.0889999999998,E0048,二道区,2591
331,3,611,1356,70.9105000000001,40.3210000000011,E0049,二道区,7297
332,9,385,1329,68.5867500000015,51.2626666666662,E0045,二道区,3608
333,6,757,1854,73.8367500000017,46.5983333333332,E0048,二道区,9705
334,10,649,1589,73.0557500000018,45.5876666666673,E0048,二道区,9705
335,3,261,929,67.4530000000004,60.4033333333334,E0003,二道区,4558
336,8,538,1857,68.2112500000009,54.2543333333327,E0045,二道区,5568
337,6,408,1514,67.2577500000031,45.353666666666,E0045,二道区,6934
338,23,1634,5084,42.7587500000008,34.7663333333325,A0059,朝阳区,7687
339,35,3043,7500,48.6890000000031,37.4113333333336,A0049,朝阳区,990
340,16,1740,4024,41.4762500000023,34.6256666666657,A0057,朝阳区,4173
341,77,4467,11681,49.436,28.8456666666666,A0029,朝阳区,1306
342,117,5933,15044,50.0287500000027,32.9000000000003,A0025,朝阳区,464
343,15,1757,4064,41.05925,33.9420000000009,A0057,朝阳区,4173
344,9,1845,5865,38.9782500000031,32.6666666666663,A0012,朝阳区,9747
345,15,849,2641,43.1792500000014,34.5699999999998,A0059,朝阳区,6981
346,6,1426,3002,39.8992500000013,32.6923333333345,A0014,朝阳区,9674
347,13,1197,3721,43.1380000000026,35.9473333333327,A0069,朝阳区,235
348,55,2434,7011,49.4112500000021,30.8456666666667,A0027,朝阳区,9273
349,20,1420,3500,49.8012500000016,36.6850000000009,A0049,朝阳区,224
350,14,1195,4149,47.9060000000011,38.673333333333,A0051,朝阳区,6984
351,16,1337,2790,46.755000000001,36.3083333333331,A0054,朝阳区,171
352,21,3255,8168,45.3055000000013,38.503666666666,A0056,朝阳区,4270
353,49,3507,8963,37.722500000001,31.4546666666663,A0066,朝阳区,385
354,7,615,1375,43.7717500000012,33.9893333333331,A0011,朝阳区,7689
355,56,3487,7917,45.7562500000002,32.5050000000005,A0068,朝阳区,219
356,29,1813,3662,53.6750000000019,30.5823333333327,A0065,朝阳区,6970
357,107,4481,10302,50.5845000000029,47.3339999999993,A0040,朝阳区,3704
358,17,1275,2870,42.6297499999997,32.2780000000004,A0017,朝阳区,250
359,13,1113,3865,46.0590000000032,38.3373333333334,A0051,朝阳区,4280
360,12,1514,4576,47.7457500000007,37.2023333333331,A0053,朝阳区,4168
361,5,1086,2243,55.2877500000015,37.9166666666677,A0020,朝阳区,984
362,16,1108,2316,48.3469999999997,39.4583333333335,A0050,朝阳区,918
363,49,3384,10110,49.3027500000025,45.7419999999994,A0039,朝阳区,6967
364,7,471,1089,42.226000000003,35.3236666666656,A0057,朝阳区,1004
365,67,3361,8045,52.6075000000006,41.7966666666677,A0032,朝阳区,3803
366,27,1205,2645,55.0400000000018,47.8146666666675,A0035,朝阳区,3904
367,12,1262,2634,46.0245000000015,35.5323333333336,A0054,朝阳区,4226
368,11,594,1315,44.117,35.790000000001,A0055,朝阳区,4246
369,24,1590,3297,54.6132500000027,36.2643333333329,A0024,朝阳区,4139
370,15,674,1867,43.1577500000024,30.4329999999998,A0064,朝阳区,834
371,12,375,1209,55.3457500000008,34.1133333333327,A0031,朝阳区,6507
372,84,2040,7821,55.6372500000002,40.1703333333335,A0021,朝阳区,981
373,71,4529,9143,50.7447499999998,47.0639999999989,A0061,朝阳区,3705
374,7,932,1962,39.8507500000029,32.4993333333339,A0014,朝阳区,248
375,9,623,1535,49.1017500000019,35.8400000000003,A0049,朝阳区,241
376,17,1049,2949,51.8022500000015,28.1286666666674,A0028,朝阳区,1250
377,9,1425,3337,47.8025000000031,32.0830000000001,A0016,朝阳区,9927
378,5,1525,3375,44.2440000000026,37.4983333333342,A0055,朝阳区,4236
379,7,376,1188,54.7885000000008,37.8683333333333,A0023,朝阳区,6510
380,6,353,1099,43.0910000000004,33.8939999999989,A0059,朝阳区,7686
381,47,3537,9794,44.5020000000014,30.2343333333326,A0064,朝阳区,835
382,15,617,1275,55.0025000000005,37.6600000000001,A0020,朝阳区,6510
383,16,665,1497,42.6557500000016,33.1130000000002,A0017,朝阳区,7168
384,9,833,1875,43.023250000001,31.3396666666677,A0017,朝阳区,834
385,39,2449,8023,53.2867500000016,46.6646666666672,A0038,朝阳区,4358
386,9,793,2229,51.872000000003,28.9886666666656,A0028,朝阳区,1250
387,8,599,1326,44.9032500000008,37.0119999999995,A0055,朝阳区,4249
388,2,840,1876,51.1505000000021,46.4379999999996,A0043,朝阳区,1172
389,16,1957,4295,54.5055000000012,46.9350000000001,A0035,朝阳区,361
390,7,548,1446,54.2540000000003,28.5689999999998,A0030,朝阳区,1308
391,32,1323,2959,49.9965000000024,46.1433333333332,A0042,朝阳区,3711
392,7,856,2259,53.8205000000005,29.2243333333341,A0030,朝阳区,1308
393,19,753,1556,46.487250000002,28.0286666666664,A0018,朝阳区,7087
394,52,1770,3949,55.2700000000002,41.1833333333339,A0033,朝阳区,979
395,35,1875,5720,48.5842500000011,44.4943333333328,A0045,朝阳区,2912
396,7,642,1436,44.3767500000014,34.0413333333345,A0011,朝阳区,232
397,7,490,1525,43.4257500000008,34.5646666666658,A0059,朝阳区,7685
398,24,1157,2399,54.459750000003,35.8293333333322,A0024,朝阳区,4139
399,40,1406,4714,51.1675000000018,48.6933333333326,A0041,朝阳区,3926
400,31,784,1942,50.5375000000008,38.6886666666679,A0048,朝阳区,273
401,7,761,1702,44.9685000000031,34.5216666666678,A0011,朝阳区,4233
402,5,405,1259,42.8022500000012,35.9610000000004,A0069,朝阳区,4234
403,45,2166,4832,55.3857500000028,42.2793333333331,A0033,朝阳区,3564
404,16,1194,2859,53.5727500000007,41.7326666666658,A0032,朝阳区,4039
405,5,888,1851,50.4275000000014,47.8533333333336,A0044,朝阳区,3694
406,8,622,1377,43.8472500000025,36.1900000000001,A0055,朝阳区,4247
407,10,727,1691,46.7430000000029,40.1169999999998,A0052,朝阳区,4285
408,7,488,1475,47.3302500000017,37.521333333333,A0053,朝阳区,4166
409,48,2250,5681,54.2140000000018,39.1476666666672,A0022,朝阳区,1503
410,16,899,2738,46.913,32.3436666666671,A0013,朝阳区,9927
411,8,499,1124,42.6297499999997,32.2780000000004,A0017,朝阳区,250
412,44,2357,4869,55.6465000000017,38.6046666666668,A0020,朝阳区,982
413,50,2769,6991,54.0612500000002,39.9173333333328,A0022,朝阳区,4058
414,7,763,2372,42.3532500000015,35.7223333333323,A0069,朝阳区,236
415,18,771,1785,56.2065000000018,31.9006666666676,A0058,朝阳区,3130
416,15,915,1926,40.3907500000003,32.7780000000004,A0014,朝阳区,4171
417,10,892,2696,48.0877500000005,36.7916666666659,A0053,朝阳区,4168
418,38,1651,3689,52.3082500000029,49.2616666666663,A0043,朝阳区,1435
419,30,1829,4378,51.9397500000025,43.1969999999993,A0032,朝阳区,3912
420,15,1193,2490,48.7022500000016,33.2389999999994,A0054,朝阳区,461
421,25,1132,3574,53.8605000000025,38.3556666666678,A0023,朝阳区,4059
422,12,5079,10461,51.1017500000008,29.0256666666669,A0010,朝阳区,1307
423,7,719,1663,42.5135000000019,35.5863333333322,A0057,朝阳区,1004
424,5,165,341,55.8482500000004,37.191,A0020,朝阳区,312
425,31,1335,3615,55.1452500000025,45.0063333333333,A0037,朝阳区,1047
426,7,321,847,54.5630000000017,30.4916666666675,A0030,朝阳区,4490
427,56,1270,2787,53.4472500000014,47.2843333333325,A0035,朝阳区,1236
428,47,2079,5487,55.240750000003,30.4246666666662,A0030,朝阳区,6505
429,6,594,1795,47.2305000000013,36.9249999999989,A0053,朝阳区,7007
430,29,1498,3473,52.5580000000012,46.7236666666674,A0034,朝阳区,3784
431,49,2148,6283,57.0777500000013,39.4053333333323,A0008,朝阳区,966
432,13,1162,3546,48.2467500000006,43.3753333333324,A0045,朝阳区,503
433,19,542,1120,45.7277500000011,28.5146666666662,A0018,朝阳区,290
434,11,914,2044,49.4824999999999,46.8680000000011,A0042,朝阳区,2909
435,19,965,1949,54.7005000000027,30.8813333333333,A0065,朝阳区,4490
436,8,406,1282,54.4825000000024,37.5873333333322,A0023,朝阳区,4485
437,42,1707,3808,54.8747499999998,40.3906666666671,A0033,朝阳区,4071
438,21,1010,2502,49.4079999999997,38.2160000000009,A0048,朝阳区,987
439,5,709,1569,44.8500000000003,37.5233333333327,A0055,朝阳区,6781
440,46,2535,5586,57.0617500000026,38.8106666666677,A0005,朝阳区,966
441,35,1031,2390,51.4270000000003,44.4186666666677,A0034,朝阳区,3908
442,4,364,847,47.1719999999998,41.1203333333342,A0052,朝阳区,472
443,30,1286,4196,57.441500000003,47.6956666666671,A0001,朝阳区,1214
444,2,280,872,44.3787499999999,34.5033333333333,A0059,朝阳区,4235
445,38,1904,4201,48.1580000000008,45.1623333333326,A0063,朝阳区,2948
446,23,831,1714,53.8270000000018,47.566000000001,A0036,朝阳区,1132
447,45,1658,3559,53.1375000000018,39.4333333333326,A0019,朝阳区,902
448,11,520,1162,50.9612500000003,47.5773333333341,A0043,朝阳区,3695
449,20,1200,2504,47.2510000000028,35.708666666667,A0054,朝阳区,172
450,5,320,709,45.8377500000005,36.8056666666661,A0055,朝阳区,377
451,18,1028,2546,50.519750000003,37.5613333333339,A0048,朝阳区,230
452,11,549,1156,40.3907500000003,32.7780000000004,A0014,朝阳区,4171
453,6,634,1826,48.9947500000021,32.853333333333,A0027,朝阳区,462
454,6,187,581,42.5300000000028,34.0070000000002,A0059,朝阳区,6979
455,7,589,1316,51.243000000003,48.3373333333338,A0043,朝阳区,3703
456,47,2187,4903,49.136500000003,29.9833333333339,A0067,朝阳区,7246
457,2,94,190,54.7667500000024,31.5989999999999,A0065,朝阳区,3495
458,26,1035,2944,49.8890000000003,42.4803333333325,A0046,朝阳区,2935
459,27,1061,3017,50.3660000000004,42.9369999999996,A0046,朝阳区,1468
460,11,576,1297,43.0295000000029,31.2313333333331,A0017,朝阳区,834
461,3,369,825,50.547250000001,44.6893333333331,A0042,朝阳区,484
462,2,1102,2320,40.2895000000001,33.0413333333344,A0014,朝阳区,9673
463,15,983,2287,47.8210000000026,40.9243333333341,A0052,朝阳区,1498
464,6,544,1473,53.9912500000028,45.526,A0037,朝阳区,3894
465,7,454,1022,42.4505000000011,32.7006666666658,A0017,朝阳区,250
466,7,239,529,43.9635000000003,36.4696666666665,A0055,朝阳区,4248
467,9,380,1225,55.8715000000021,34.8163333333342,A0031,朝阳区,6508
468,26,1201,3061,48.1520000000018,43.6596666666678,A0062,朝阳区,504
469,18,1137,3197,52.6495000000011,28.1043333333339,A0028,朝阳区,1250
470,9,651,1968,47.6155000000027,36.3503333333336,A0053,朝阳区,6774
471,12,876,1807,52.805750000001,46.8716666666656,A0036,朝阳区,1234
472,19,660,1580,53.2240000000002,41.6263333333333,A0032,朝阳区,4077
473,6,408,918,42.0417500000028,33.0766666666662,A0017,朝阳区,136
474,8,341,844,50.5722500000019,36.9446666666657,A0048,朝阳区,226
475,7,1061,3206,47.2482500000027,36.6156666666673,A0053,朝阳区,171
476,4,819,1905,47.5677500000025,42.207,A0052,朝阳区,2930
477,2,126,384,57.4562500000013,41.6526666666665,A0007,朝阳区,6519
478,6,514,1423,43.4762500000012,30.6846666666658,A0064,朝阳区,834
479,22,762,1679,55.6550000000016,41.374,A0005,朝阳区,978
480,11,718,1499,45.9275000000012,34.6136666666676,A0054,朝阳区,4231
481,7,515,1151,44.0175000000025,33.5239999999999,A0011,朝阳区,7681
482,3,1652,7939,54.8675000000003,46.1189999999997,A0002,朝阳区,6758
483,7,1021,2391,48.0875000000012,31.6766666666671,A0016,朝阳区,2699
484,6,390,814,46.5582500000004,35.3370000000008,A0054,朝阳区,4225
485,32,1481,3180,53.9577500000021,40.0026666666662,A0019,朝阳区,4058
486,26,1304,5043,59.7397500000021,42.6829999999991,A0003,朝阳区,3669
487,7,488,1090,50.8030000000019,47.7693333333325,A0043,朝阳区,3703
488,31,647,1323,58.7499999999999,41.558666666667,A0006,朝阳区,6789
489,3,222,771,46.0207500000003,38.6783333333322,A0051,朝阳区,4280
490,10,552,1293,48.1312500000009,31.0109999999995,A0016,朝阳区,2699
491,10,757,1761,47.7070000000026,40.5263333333323,A0052,朝阳区,920
492,8,475,1105,47.7765000000012,40.167333333334,A0052,朝阳区,908
493,11,715,1571,46.6342500000003,41.4790000000001,A0060,朝阳区,3583
494,2,252,784,42.5044999999997,34.1686666666661,A0059,朝阳区,9849
495,13,281,858,54.4355000000003,43.7820000000002,A0007,朝阳区,476
496,4,644,1344,45.4932499999998,34.4499999999997,A0054,朝阳区,4228
497,10,392,820,48.0210000000021,41.0759999999992,A0050,朝阳区,6993
498,30,2256,4646,50.2395,25.4876666666656,A0010,朝阳区,3498
499,24,848,2412,53.8690000000024,40.4699999999991,A0046,朝阳区,4056
500,11,395,1007,47.5845000000028,41.4023333333328,A0062,朝阳区,1500
501,4,413,1434,46.6875000000009,40.4630000000002,A0051,朝阳区,4291
502,16,729,1858,48.6280000000008,43.6720000000008,A0062,朝阳区,502
503,2,126,278,54.235000000002,41.4433333333335,A0005,朝阳区,4076
504,35,1103,2278,54.5550000000006,39.2843333333322,A0020,朝阳区,906
505,17,743,2246,47.8065000000001,37.5653333333332,A0053,朝阳区,4167
506,4,365,762,46.6577500000014,35.3806666666661,A0054,朝阳区,4225
507,42,1628,3465,53.265500000002,39.4829999999994,A0047,朝阳区,903
508,5,360,904,45.3195000000015,38.0323333333337,A0056,朝阳区,8118
509,7,651,1456,43.4820000000009,31.9753333333329,A0011,朝阳区,251
510,13,629,1392,44.9747500000015,36.9633333333326,A0055,朝阳区,4249
511,7,302,666,54.8445000000015,41.8556666666656,A0005,朝阳区,6498
512,7,266,557,48.0750000000008,41.716000000001,A0050,朝阳区,6992
513,29,1297,2761,50.0372500000026,40.495,A0047,朝阳区,276
514,9,335,1013,48.3702500000014,35.1023333333345,A0053,朝阳区,242
515,7,477,996,45.9787499999997,36.1196666666667,A0054,朝阳区,6775
516,24,915,1948,53.6720000000024,41.3796666666665,A0047,朝阳区,4041
517,7,291,601,54.2435000000019,39.648666666667,A0020,朝阳区,905
518,3,582,1202,55.1790000000025,39.3043333333338,A0020,朝阳区,964
519,16,1151,2450,52.7547500000019,40.4089999999992,A0047,朝阳区,3673
520,19,1023,2534,50.4772500000001,40.6890000000004,A0048,朝阳区,276
521,5,240,611,47.5602500000001,41.9790000000001,A0062,朝阳区,3579
522,9,425,958,53.7865000000011,36.5196666666658,A0015,朝阳区,6805
523,3,339,1062,56.7315000000015,47.7960000000006,A0004,朝阳区,1216
524,3,309,638,56.0295000000011,37.8576666666675,A0020,朝阳区,984
525,9,500,1118,50.7200000000019,44.0680000000005,A0042,朝阳区,3638
526,7,223,509,55.5480000000017,32.1053333333339,A0026,朝阳区,6506
527,29,1724,3865,49.875250000003,29.7743333333334,A0067,朝阳区,1307
528,13,336,1045,42.3367500000005,35.7819999999999,A0069,朝阳区,9816
529,6,180,560,43.6572500000025,35.4106666666662,A0059,朝阳区,4245
530,9,250,559,50.0022500000021,46.3046666666666,A0042,朝阳区,3711
531,4,224,777,46.7190000000031,38.4239999999991,A0051,朝阳区,4293
532,13,506,1071,53.1560000000013,26.0239999999996,A0009,朝阳区,1254
533,4,371,815,46.6377500000021,41.3866666666678,A0060,朝阳区,1360
534,12,265,535,55.1577500000029,31.5160000000011,A0065,朝阳区,6505
535,17,418,864,54.2205000000031,39.185000000001,A0020,朝阳区,1503
536,4,223,466,50.1485000000024,41.4973333333322,A0050,朝阳区,281
537,8,467,975,46.3000000000022,36.0399999999999,A0054,朝阳区,4225
538,22,1434,3061,35.0412500000026,46.0663333333334,D0012,绿园区,7940
539,18,1385,2955,35.7837500000002,45.8293333333325,D0012,绿园区,714
540,6,1423,4838,43.1275000000007,45.7926666666661,D0030,绿园区,722
541,32,1282,3315,39.8000000000032,45.7163333333336,D0007,绿园区,719
542,43,2207,8092,39.5680000000027,49.3209999999991,D0008,绿园区,7955
543,48,2747,6062,47.3162500000015,45.9833333333322,D0028,绿园区,4136
544,7,1010,2312,43.6722500000002,54.2573333333323,D0022,绿园区,3689
545,11,2408,5405,35.6240000000021,50.1123333333335,D0041,绿园区,4881
546,28,2783,6944,29.7967500000027,42.2810000000003,D0047,绿园区,9438
547,10,889,1897,35.0282499999999,46.6750000000005,D0012,绿园区,7940
548,34,1312,3208,34.2667500000005,42.4066666666671,D0045,绿园区,7926
549,20,1027,2267,45.7852500000016,45.3086666666659,D0028,绿园区,7230
550,18,923,1934,44.610500000001,53.119,D0037,绿园区,3759
551,12,647,1380,35.0735000000029,45.2269999999994,D0012,绿园区,713
552,20,954,2095,46.4025000000028,43.7546666666672,D0014,绿园区,2917
553,46,2467,5588,32.5300000000013,52.1740000000008,D0040,绿园区,4305
554,15,924,2260,34.3367500000014,43.5946666666662,D0045,绿园区,7937
555,14,970,2145,35.6290000000001,50.0593333333323,D0044,绿园区,4881
556,18,719,2760,33.1775000000008,42.386333333333,D0049,绿园区,7933
557,14,1047,2114,47.3660000000002,45.2393333333324,D0025,绿园区,2947
558,5,995,3005,43.2402500000002,45.2746666666665,D0015,绿园区,723
559,20,808,1694,44.4765000000018,52.291999999999,D0037,绿园区,7972
560,32,2076,4222,49.36425,56.6803333333326,D0023,绿园区,3783
561,60,3660,7960,41.2172500000025,48.2463333333338,D0011,绿园区,3558
562,21,1422,3065,36.7195000000002,48.457333333334,D0005,绿园区,530
563,14,1660,3726,35.6240000000021,50.1123333333335,D0041,绿园区,4881
564,18,961,2408,37.8465000000006,47.5189999999988,D0006,绿园区,7952
565,19,1204,2477,42.0552500000007,49.4593333333337,D0009,绿园区,761
566,14,778,1692,41.3777500000023,46.7693333333325,D0011,绿园区,764
567,22,1278,2599,49.1427500000015,57.5856666666657,D0023,绿园区,1198
568,11,970,2509,39.0797500000026,46.9376666666671,D0007,绿园区,201
569,10,603,1287,37.4307500000022,45.8969999999989,D0012,绿园区,547
570,28,2324,6166,28.5500000000027,38.3586666666673,D0046,绿园区,8416
571,8,818,2115,38.861500000003,45.5739999999996,D0007,绿园区,186
572,6,788,2995,39.7390000000009,53.3513333333341,D0039,绿园区,8178
573,3,684,1383,45.0512500000002,43.3130000000001,D0013,绿园区,3316
574,12,1044,2176,49.4112500000021,47.593333333334,D0003,绿园区,3922
575,20,2340,6118,20.8642500000025,36.6913333333325,D0048,绿园区,2723
576,5,269,813,43.9974999999997,45.2709999999996,D0015,绿园区,9198
577,26,1503,3201,49.4867499999998,50.0196666666663,D0032,绿园区,7
578,10,1470,5389,39.757250000001,47.323000000001,D0008,绿园区,7950
579,7,414,1055,47.3910000000011,44.501999999999,D0027,绿园区,2916
580,7,971,1963,45.5165000000015,43.9626666666655,D0013,绿园区,730
581,11,581,1173,48.2672500000021,48.2456666666664,D0025,绿园区,4132
582,11,482,1706,41.272750000001,45.6783333333325,D0010,绿园区,721
583,10,892,2848,46.7934999999997,54.1346666666674,D0019,绿园区,9212
584,16,735,1650,34.138500000001,49.4630000000006,D0041,绿园区,7975
585,4,433,1532,40.9622499999998,45.4320000000005,D0010,绿园区,720
586,28,1419,2919,41.8412500000009,50.3740000000003,D0009,绿园区,8111
587,15,1786,4790,37.1230000000011,53.4456666666661,D0051,绿园区,1352
588,11,1290,2896,34.5815000000016,50.4693333333345,D0041,绿园区,789
589,22,1513,3860,44.2135000000015,58.3633333333324,D0038,绿园区,3867
590,5,599,1527,47.1257500000029,44.698333333334,D0027,绿园区,2916
591,5,626,1264,47.3700000000008,47.072,D0025,绿园区,4136
592,9,458,1147,39.0977499999998,46.1083333333339,D0006,绿园区,200
593,19,1387,3184,48.7782500000016,50.2206666666657,D0033,绿园区,1877
594,2,592,1196,47.7802500000024,49.2846666666675,D0025,绿园区,7210
595,15,677,1770,20.9755000000023,35.8670000000008,D0048,绿园区,2724
596,11,468,1193,47.34075,43.644333333333,D0027,绿园区,2941
597,2,140,424,43.7747500000008,45.2836666666675,D0015,绿园区,724
598,16,1078,2192,51.5345000000025,58.4999999999999,D0023,绿园区,3141
599,8,533,1886,41.6417500000001,47.0919999999992,D0010,绿园区,764
600,8,638,1337,43.7817500000008,53.3203333333342,D0037,绿园区,7968
601,14,680,1556,45.5020000000026,53.8046666666669,D0022,绿园区,3684
602,21,1472,2993,50.7750000000016,55.8753333333328,D0023,绿园区,2875
603,7,421,850,47.5545000000004,48.5410000000002,D0033,绿园区,7223
604,3,383,976,47.8544999999997,43.7370000000001,D0027,绿园区,505
605,5,304,679,48.0210000000021,46.429000000001,D0002,绿园区,2942
606,5,344,789,48.0110000000025,48.9676666666673,D0032,绿园区,4495
607,5,361,807,48.3970000000014,45.7646666666657,D0002,绿园区,2903
608,21,1439,3671,44.665000000002,56.7400000000002,D0038,绿园区,7721
609,8,362,795,46.2887500000022,45.2093333333323,D0014,绿园区,7229
610,4,209,446,37.0845000000024,46.0673333333332,D0012,绿园区,548
611,6,1582,3583,43.2237500000028,46.2696666666673,D0026,绿园区,3476
612,10,680,1419,45.0947500000005,47.6659999999995,D0024,绿园区,9204
613,5,336,1189,41.4915000000029,45.8586666666676,D0010,绿园区,721
614,9,980,3724,39.7390000000009,53.3513333333341,D0039,绿园区,8178
615,18,918,1978,35.6240000000021,50.1123333333335,D0005,绿园区,4881
616,7,397,1200,47.1572500000015,49.5276666666674,D0035,绿园区,4122
617,30,1899,4089,47.4477499999999,54.6453333333332,D0016,绿园区,8304
618,11,978,2624,36.5202500000024,51.2299999999992,D0051,绿园区,790
619,5,444,1003,44.889750000003,51.3466666666673,D0036,绿园区,3757
620,27,3228,6956,38.8212500000016,53.4483333333332,D0005,绿园区,1352
621,5,208,521,38.0957500000001,45.868666666666,D0006,绿园区,716
622,17,743,1549,48.3902500000006,47.4600000000009,D0003,绿园区,1190
623,6,475,1146,37.2832500000015,51.0936666666666,D0052,绿园区,551
624,12,811,1699,43.1157500000019,53.8483333333322,D0037,绿园区,1270
625,13,362,1124,40.3255000000016,44.0459999999992,D0054,绿园区,3544
626,11,592,1337,45.1590000000017,50.3976666666664,D0036,绿园区,9208
627,17,1174,2461,41.0217500000023,53.9666666666676,D0037,绿园区,7973
628,6,242,855,42.5085000000003,45.9616666666657,D0010,绿园区,722
629,34,1536,3105,45.3235000000021,44.1920000000001,D0013,绿园区,729
630,28,2803,8095,30.2390000000017,45.6686666666665,D0056,绿园区,9409
631,6,256,625,44.8102500000012,49.605666666667,D0029,绿园区,1194
632,5,610,1279,42.559500000003,53.4553333333345,D0037,绿园区,3864
633,7,795,1659,46.7115000000007,48.4239999999995,D0024,绿园区,4126
634,5,274,583,48.8867500000012,49.2163333333338,D0032,绿园区,19
635,10,846,1740,41.2990000000022,49.7906666666665,D0009,绿园区,8115
636,7,219,549,39.4647500000005,47.0013333333341,D0006,绿园区,7951
637,20,1087,2488,45.0857500000019,54.3290000000004,D0022,绿园区,3688
638,2,224,464,43.8607500000003,44.922666666667,D0031,绿园区,9199
639,23,1346,2721,46.6377500000021,41.3866666666678,D0013,绿园区,1360
640,9,471,958,49.9785000000017,57.6409999999991,D0023,绿园区,7186
641,3,173,612,42.0470000000002,46.0503333333335,D0010,绿园区,765
642,2,224,676,47.5432500000004,50.1720000000011,D0035,绿园区,4119
643,5,388,973,38.0122500000013,48.0753333333344,D0006,绿园区,183
644,12,703,1446,42.4482500000032,48.5236666666656,D0009,绿园区,762
645,4,307,639,48.7272500000024,45.4943333333328,D0003,绿园区,2902
646,5,393,837,51.3387500000029,51.0866666666677,D0003,绿园区,469
647,13,519,1082,50.7447499999998,47.0639999999989,D0004,绿园区,3705
648,5,421,871,46.087,56.8086666666664,D0021,绿园区,3680
649,9,470,1012,46.6877500000003,55.128000000001,D0016,绿园区,7181
650,3,233,824,41.7760000000023,45.1696666666663,D0010,绿园区,721
651,3,273,966,41.7265000000029,46.2016666666661,D0010,绿园区,765
652,7,467,964,51.8557500000014,57.5646666666666,D0020,绿园区,6157
653,4,187,661,41.4705000000026,46.1613333333328,D0010,绿园区,765
654,14,1809,3640,26.4462500000029,45.2846666666673,D0050,绿园区,8131
655,5,186,658,41.432750000002,45.3573333333329,D0010,绿园区,721
656,56,3101,6971,46.8660000000014,56.8123333333332,D0017,绿园区,9230
657,11,1019,2457,33.1627500000025,50.745999999999,D0052,绿园区,4877
658,12,646,1619,37.7585000000025,49.2266666666671,D0006,绿园区,550
659,2,170,528,41.8149999999997,45.8049999999991,D0054,绿园区,721
660,14,2190,5006,31.958000000003,45.4356666666674,D0057,绿园区,9447
661,10,1243,3115,36.4882500000014,50.6706666666664,D0006,绿园区,528
662,3,182,381,45.0809999999997,46.0800000000011,D0024,绿园区,3461
663,4,815,1677,43.0577500000027,48.8913333333324,D0009,绿园区,3478
664,5,380,973,46.4232500000001,53.3653333333343,D0034,绿园区,7571
665,27,996,2120,31.6997500000014,52.7123333333345,D0053,绿园区,4867
666,5,829,1714,46.2742499999997,58.0420000000004,D0021,绿园区,9226
667,18,894,2281,44.4967500000004,57.4073333333326,D0038,绿园区,7511
668,6,420,868,51.3387500000029,51.0866666666677,D0020,绿园区,469
669,8,586,1468,39.8480000000028,47.087,D0006,绿园区,7950
670,10,1427,2980,46.7590000000016,45.5273333333324,D0024,绿园区,3465
671,17,696,2103,49.6300000000005,49.4083333333322,D0035,绿园区,6942
672,11,1074,2221,45.327750000002,55.8339999999997,D0021,绿园区,7192
673,4,784,2721,39.7390000000009,53.3513333333341,D0042,绿园区,8178
674,6,247,499,46.0670000000007,44.5279999999997,D0024,绿园区,731
675,8,650,1362,43.9625000000028,54.0923333333344,D0037,绿园区,3689
676,8,417,848,50.416000000002,56.1519999999997,D0023,绿园区,2875
677,4,259,541,47.0945,47.1613333333328,D0024,绿园区,4136
678,5,301,627,46.8525,55.5649999999991,D0018,绿园区,7189
679,13,733,1536,45.1647500000014,55.1786666666677,D0037,绿园区,7193
680,3,80,168,47.1200000000032,48.8863333333332,D0024,绿园区,7214
681,3,1451,4506,37.3645000000025,45.0336666666663,D0054,绿园区,547
682,4,308,645,42.6432500000011,52.6776666666677,D0037,绿园区,1270
683,12,599,1275,29.5872500000023,51.5530000000008,D0053,绿园区,4621
684,4,149,311,47.3827500000006,44.0736666666671,D0004,绿园区,916
685,8,445,1006,45.1590000000017,50.3976666666664,D0036,绿园区,9208
686,13,486,1469,50.5800000000001,47.5276666666673,D0035,绿园区,3695
687,10,486,1000,38.2352500000032,50.4543333333345,D0009,绿园区,1354
688,6,491,1109,45.0855000000026,50.5626666666667,D0036,绿园区,9208
689,6,476,992,48.1847500000008,56.3773333333325,D0018,绿园区,3782
690,3,374,774,45.2940000000019,44.577999999999,D0031,绿园区,729
691,9,783,2078,29.4220000000003,40.8426666666676,D0046,绿园区,6464
692,7,862,1947,43.7775000000009,53.8209999999992,D0036,绿园区,3689
693,6,323,665,39.9900000000031,52.4820000000001,D0009,绿园区,7966
694,12,470,1121,35.1882500000009,51.4066666666674,D0043,绿园区,788
695,47,2779,6875,30.2197500000005,39.7160000000009,D0055,绿园区,4257
696,2,450,1016,44.5740000000008,52.7309999999991,D0036,绿园区,7972
697,2,144,298,43.5765000000004,45.001999999999,D0031,绿园区,9199
698,24,1394,3567,50.5800000000001,47.5276666666673,D0034,绿园区,3695
699,2,488,1018,46.2650000000018,46.296333333333,D0024,绿园区,3463
700,2,108,336,42.1647500000013,46.2116666666669,D0054,绿园区,722
701,4,120,373,38.5022500000005,47.3916666666672,D0054,绿园区,184
702,14,414,863,47.7092500000005,54.7403333333326,D0018,绿园区,7182
703,4,148,335,42.8350000000002,46.3966666666664,D0026,绿园区,3476
704,4,143,444,39.8622500000023,46.9313333333332,D0054,绿园区,7950
705,3,312,651,47.8837500000005,44.9726666666663,D0004,绿园区,2948
706,3,288,737,49.0552500000021,47.8923333333322,D0034,绿园区,3876
707,2,164,400,48.2277500000023,46.5563333333326,D0029,绿园区,2942
708,20,1053,2379,48.7980000000015,49.736333333333,D0036,绿园区,6724
709,5,303,685,43.9247500000022,52.1803333333324,D0036,绿园区,7968
710,2,180,376,49.0415000000013,50.2806666666658,D0018,绿园区,1875
711,9,574,1297,44.4002500000025,54.3959999999994,D0036,绿园区,3689
712,5,401,836,47.0350000000011,53.4546666666671,D0018,绿园区,8248
713,7,478,1158,46.557,57.3513333333343,D0001,绿园区,9195
714,2,150,338,48.5442500000026,50.4989999999997,D0036,绿园区,1878
715,5,224,461,43.18125,51.415666666666,D0009,绿园区,7969
716,15,662,1579,34.1860000000018,59.4263333333345,D0043,绿园区,1682
717,14,723,1487,34.0762500000018,51.6256666666664,D0009,绿园区,4876
718,12,999,2284,29.7580000000011,45.550000000001,D0057,绿园区,9445
719,7,390,802,42.0680000000004,48.8576666666655,D0009,绿园区,762
720,5,210,653,38.3920000000018,48.460000000001,D0054,绿园区,203
721,4,951,2321,47.7097500000028,51.8743333333328,D0029,绿园区,7205
722,22,2635,6792,58.8772500000019,20.3073333333326,B0032,南关区,2991
723,4,944,2033,53.2295000000005,15.7199999999994,B0037,南关区,9823
724,11,1294,4657,47.0027500000008,15.9599999999998,B0034,南关区,6009
725,10,1556,4010,58.0432500000008,20.3703333333323,B0032,南关区,6088
726,51,1900,3996,61.0925000000009,28.2373333333344,B0030,南关区,2676
727,23,1708,3593,61.0685000000011,28.9203333333343,B0030,南关区,2676
728,17,3749,11619,64.2452500000026,51.3016666666672,B0059,南关区,1473
729,7,820,2952,48.1840000000027,17.1309999999991,B0034,南关区,6019
730,9,1026,3693,47.9837500000002,17.6426666666671,B0034,南关区,6020
731,38,1264,2589,58.7170000000015,29.4503333333343,B0031,南关区,1315
732,111,4331,8874,58.2457500000011,26.5126666666665,B0031,南关区,9847
733,12,1211,3572,44.5240000000027,15.1806666666658,B0068,南关区,6864
734,8,704,1823,62.7132500000016,47.9173333333331,B0026,南关区,4866
735,12,1310,2821,53.8125000000029,13.7653333333342,B0037,南关区,7477
736,33,4154,8543,61.3830000000029,46.5456666666668,B0028,南关区,6990
737,9,863,1858,54.4997500000015,15.8439999999989,B0037,南关区,7476
738,36,1654,3389,59.0017500000002,31.3810000000008,B0032,南关区,6662
739,4,855,1824,52.0875000000025,22.0133333333337,B0060,南关区,6098
740,9,615,1593,62.6875000000027,47.5686666666656,B0026,南关区,2543
741,11,1299,2748,53.8474999999998,25.8299999999991,B0029,南关区,3449
742,9,452,951,63.2355000000011,28.249,B0030,南关区,1948
743,46,3218,6704,63.0699999999997,45.2663333333329,B0006,南关区,2534
744,13,982,3535,46.0680000000018,15.0529999999994,B0034,南关区,6856
745,4,885,1905,52.3705000000021,15.4459999999996,B0037,南关区,9324
746,12,1578,3761,60.3662500000013,44.3456666666672,B0014,南关区,6900
747,12,1098,3952,48.462500000003,16.7276666666657,B0034,南关区,6846
748,45,2787,6034,58.8165000000025,45.4516666666673,B0010,南关区,1044
749,42,3602,10083,61.1840000000008,42.8703333333331,B0003,南关区,2510
750,11,1520,4166,57.5512500000031,29.740999999999,B0002,南关区,1313
751,30,2798,6610,60.9997500000006,44.8863333333331,B0017,南关区,6991
752,9,919,3308,45.3072500000005,15.0486666666675,B0034,南关区,6856
753,7,1108,2364,52.6357500000003,22.8023333333335,B0060,南关区,801
754,9,956,2058,52.3965000000004,14.1366666666656,B0037,南关区,6054
755,8,583,1256,53.0647500000008,14.1626666666663,B0037,南关区,7439
756,7,495,1013,58.9187500000001,41.1643333333345,B0018,南关区,4033
757,10,781,1681,53.7900000000029,15.0133333333334,B0037,南关区,9821
758,46,4612,15132,59.6087500000024,46.6359999999995,B0001,南关区,6899
759,23,2049,4317,59.514250000003,44.1943333333323,B0005,南关区,4113
760,9,1043,2155,60.2132500000003,42.5573333333323,B0019,南关区,2540
761,4,692,2490,50.9790000000017,17.4430000000001,B0034,南关区,6816
762,13,1168,2471,55.1690000000029,26.9743333333328,B0029,南关区,334
763,41,3139,8203,63.0207499999997,35.2886666666663,B0001,南关区,5597
764,13,2647,5601,55.0350000000002,26.2300000000006,B0029,南关区,341
765,9,875,2632,63.0432499999998,48.3750000000001,B0025,南关区,2493
766,7,1683,3540,64.1250000000007,50.8736666666678,B0027,南关区,8126
767,5,366,1029,48.1840000000027,17.1309999999991,B0038,南关区,6019
768,19,1036,2179,61.2610000000018,29.9570000000008,B0030,南关区,6975
769,13,1078,2417,48.7465,20.308,B0065,南关区,1266
770,6,623,1606,60.5764999999998,21.2770000000001,B0032,南关区,9490
771,38,1965,4018,56.7667500000013,39.1943333333344,B0018,南关区,966
772,5,678,1460,52.3442500000009,15.6813333333332,B0037,南关区,9324
773,9,1274,3418,60.3897500000024,42.1546666666662,B0023,南关区,8087
774,10,846,2863,63.7240000000006,47.0970000000008,B0052,南关区,2569
775,10,1013,3646,50.0955000000012,13.1950000000008,B0034,南关区,7469
776,10,532,1119,62.5030000000031,28.1289999999999,B0030,南关区,1941
777,21,1690,3514,64.2890000000023,52.5700000000005,B0042,南关区,1396
778,13,1168,3011,58.5350000000027,28.3173333333338,B0032,南关区,6671
779,10,1235,3643,40.7400000000031,18.3366666666676,B0068,南关区,3228
780,3,501,1035,59.0965000000026,40.4239999999992,B0019,南关区,970
781,14,1108,3441,59.7797500000006,45.1010000000001,B0013,南关区,1037
782,20,533,1128,55.3837500000007,26.0836666666672,B0029,南关区,342
783,8,776,1603,59.4000000000001,42.1246666666661,B0019,南关区,6473
784,18,1252,3925,57.4845000000011,47.9503333333327,B0008,南关区,1213
785,8,398,1026,59.5062500000019,28.5226666666674,B0032,南关区,2676
786,8,426,1374,56.8017500000018,35.4160000000003,B0049,南关区,3124
787,16,1175,2367,53.8474999999998,25.8299999999991,B0036,南关区,3449
788,11,884,3182,50.0845000000005,15.0913333333331,B0034,南关区,5631
789,15,1116,4159,57.5527500000028,42.071,B0007,南关区,3562
790,47,2819,6040,57.6090000000029,46.8759999999999,B0044,南关区,3769
791,4,297,625,63.7995000000018,51.4353333333328,B0027,南关区,8125
792,11,371,1335,47.7525000000014,18.6796666666661,B0034,南关区,8441
793,4,389,795,58.4480000000021,36.5066666666678,B0049,南关区,6634
794,25,2282,6226,58.5272500000009,48.5416666666675,B0011,南关区,1219
795,4,419,881,59.3895000000018,41.3433333333326,B0024,南关区,972
796,14,882,1855,62.8057500000026,30.8660000000008,B0030,南关区,7165
797,4,622,1327,50.7995000000001,16.388999999999,B0060,南关区,6818
798,1,596,2491,56.7320000000002,47.0033333333338,B0004,南关区,3772
799,32,2468,6833,58.1840000000007,43.4003333333332,B0022,南关区,1031
800,6,404,814,53.1560000000013,26.0239999999996,B0036,南关区,1254
801,3,307,791,58.5747500000018,21.7066666666668,B0032,南关区,812
802,10,582,1223,60.7790000000001,43.4170000000004,B0024,南关区,6695
803,16,2772,5628,64.1222500000005,53.146333333333,B0001,南关区,1396
804,37,1149,3002,62.6847500000025,32.7890000000011,B0001,南关区,2245
805,15,958,2015,60.7372500000025,30.607000000001,B0030,南关区,2695
806,6,646,2003,61.478000000001,46.2493333333332,B0016,南关区,6880
807,13,1169,2457,58.7327500000008,41.5663333333332,B0024,南关区,6789
808,5,399,804,54.0820000000011,26.1019999999993,B0036,南关区,3449
809,7,513,1151,49.2925,12.3999999999995,B0065,南关区,5664
810,7,458,1180,59.0057500000007,28.7546666666666,B0032,南关区,1316
811,9,494,1354,57.7230000000029,28.9286666666655,B0002,南关区,6666
812,12,803,2998,57.7840000000016,45.3756666666673,B0039,南关区,4038
813,6,593,1943,58.880000000002,40.5683333333329,B0015,南关区,970
814,13,1060,2770,61.904000000002,34.5559999999997,B0001,南关区,3594
815,17,1305,2853,60.8307500000009,48.7409999999997,B0012,南关区,6945
816,19,1833,4501,59.6750000000021,43.1666666666667,B0009,南关区,4089
817,12,902,2141,63.5747500000008,48.4516666666674,B0054,南关区,2518
818,8,422,1346,60.7635000000002,40.7696666666671,B0020,南关区,6636
819,5,515,1126,60.8560000000011,45.9336666666677,B0012,南关区,6980
820,5,598,1908,59.69275,41.5230000000004,B0020,南关区,4035
821,8,908,2036,48.3612500000028,13.2036666666669,B0065,南关区,6840
822,9,753,1689,46.8730000000015,14.1283333333343,B0065,南关区,8443
823,5,595,1631,56.8502500000001,30.6583333333326,B0002,南关区,3131
824,17,1067,2788,62.8030000000024,36.7490000000004,B0001,南关区,6693
825,4,233,667,55.7480000000012,25.5583333333339,B0033,南关区,1531
826,9,610,1229,54.6482500000032,27.3830000000004,B0036,南关区,6504
827,8,768,1979,60.6600000000022,21.5926666666656,B0032,南关区,1981
828,1,333,1300,61.4417500000002,46.1413333333335,B0043,南关区,7002
829,7,1853,4733,59.8417500000004,48.3673333333338,B0021,南关区,6947
830,10,875,2286,63.3807500000003,39.1613333333325,B0001,南关区,4886
831,7,541,1414,63.2967500000028,38.6663333333341,B0001,南关区,4886
832,9,708,1825,59.6535000000031,21.9629999999995,B0032,南关区,813
833,1,99,387,63.3597500000001,53.3993333333337,B0043,南关区,1430
834,2,280,597,50.962000000002,17.2086666666663,B0060,南关区,6816
835,5,434,1128,57.4060000000003,43.2683333333325,B0040,南关区,1025
836,16,1314,3119,63.3475000000026,41.1806666666668,B0054,南关区,2026
837,11,440,1206,56.926500000003,31.7819999999998,B0002,南关区,3130
838,1,142,366,59.7452500000024,30.1756666666672,B0002,南关区,2695
839,10,632,2038,56.3542500000018,33.7500000000001,B0049,南关区,6797
840,2,233,609,60.8405000000012,42.0183333333336,B0001,南关区,8087
841,17,1477,3860,63.9025000000011,48.8346666666667,B0056,南关区,1378
842,10,2059,5380,59.6910000000008,50.1836666666667,B0049,南关区,6913
843,16,1082,2827,63.1839999999997,46.7403333333323,B0056,南关区,2483
844,4,428,1521,57.9675000000002,49.1213333333344,B0041,南关区,1515
845,9,618,1286,61.5525000000012,40.7699999999996,B0057,南关区,6791
846,9,871,1822,63.2197500000018,39.8746666666672,B0056,南关区,2316
847,20,493,1105,49.6935000000001,20.041333333334,B0065,南关区,1266
848,16,474,1011,50.9935000000006,19.416666666667,B0060,南关区,6849
849,21,1170,2435,63.6147500000028,35.748333333333,B0057,南关区,2320
850,6,467,1378,43.6720000000008,18.6106666666674,B0068,南关区,6850
851,1,47,129,59.207500000003,30.477,B0002,南关区,6568
852,1,120,329,58.2847500000021,29.8686666666678,B0002,南关区,1314
853,7,558,1167,63.5545000000022,47.2653333333331,B0056,南关区,2569
854,7,833,1743,62.8892500000013,42.4316666666655,B0057,南关区,2315
855,8,291,939,58.8175,40.4600000000007,B0049,南关区,970
856,4,291,586,54.1532500000024,25.212000000001,B0036,南关区,3485
857,9,547,1173,59.8397500000019,21.0576666666663,B0064,南关区,9484
858,7,423,949,45.7650000000029,18.7920000000001,B0065,南关区,6852
859,7,500,1370,57.4467500000004,30.383333333333,B0002,南关区,6656
860,6,382,1232,60.36675,45.5776666666665,B0049,南关区,3103
861,18,1444,4657,58.6800000000025,46.3123333333328,B0049,南关区,1517
862,16,406,910,47.937000000001,19.6396666666677,B0065,南关区,9827
863,17,840,2478,40.7400000000031,18.3366666666676,B0068,南关区,3228
864,7,278,762,60.1957500000019,30.2020000000004,B0002,南关区,2695
865,3,296,619,62.654000000002,42.5129999999996,B0057,南关区,2315
866,4,274,751,57.4092500000027,28.7523333333345,B0048,南关区,6666
867,7,470,1516,58.3725000000008,42.0800000000009,B0049,南关区,6502
868,7,209,617,43.6882500000024,17.4813333333338,B0068,南关区,4816
869,10,722,2328,59.3852500000018,44.8946666666667,B0045,南关区,1036
870,8,710,1478,61.3342500000016,37.9086666666666,B0057,南关区,8298
871,13,708,2283,59.8610000000015,32.9196666666671,B0051,南关区,2244
872,5,407,918,57.3302499999997,40.6529999999989,B0045,南关区,4072
873,5,414,958,59.9795000000007,30.6179999999993,B0051,南关区,2695
874,6,866,1848,57.9500000000017,15.8406666666669,B0060,南关区,9486
875,4,682,1427,62.6850000000019,45.0193333333336,B0057,南关区,2530
876,7,373,776,62.467250000001,28.652000000001,B0057,南关区,8284
877,4,578,1210,61.7487500000031,44.6463333333327,B0057,南关区,2586
878,3,188,393,63.6612500000027,38.4920000000003,B0058,南关区,4885
879,11,1582,3293,62.9275000000007,46.3009999999997,B0058,南关区,2482
880,21,891,1854,61.083,35.0193333333332,B0051,南关区,3594
881,5,316,713,58.1115000000025,41.7569999999993,B0045,南关区,6501
882,4,289,583,56.1017499999998,24.3559999999998,B0061,南关区,1858
883,1,471,951,51.0930000000016,17.0323333333329,B0061,南关区,6816
884,11,1377,3105,60.9782500000016,48.1193333333323,B0046,南关区,4513
885,11,352,773,59.0897500000018,42.1686666666664,B0051,南关区,6472
886,9,737,2083,48.7465,20.308,B0067,南关区,1266
887,8,515,1132,57.9067500000008,46.1556666666662,B0051,南关区,1074
888,6,171,345,50.969000000002,15.8243333333322,B0061,南关区,6819
889,1,517,1558,61.878250000003,43.5613333333341,B0058,南关区,7250
890,8,279,613,60.0907500000005,41.8053333333338,B0051,南关区,974
891,3,352,1061,61.5525000000012,41.664666666667,B0058,南关区,8282
892,10,446,980,57.4030000000008,42.2933333333333,B0051,南关区,4067
893,9,358,829,56.7150000000005,41.783,B0051,南关区,3597
894,4,343,905,56.0310000000008,26.8903333333341,B0048,南关区,7059
895,9,349,921,56.9950000000006,30.2910000000007,B0048,南关区,3131
896,9,474,1097,58.49525,43.262000000001,B0051,南关区,4116
897,4,328,989,62.4962500000024,42.0993333333328,B0058,南关区,2315
898,9,504,1166,56.7207500000002,41.534666666666,B0047,南关区,3598
899,1,496,1148,56.8747500000022,40.2963333333328,B0047,南关区,3600
900,21,1138,2634,58.5500000000003,43.974000000001,B0047,南关区,1032
901,9,335,677,54.4997500000015,15.8439999999989,B0062,南关区,7476
902,10,416,963,57.5539999999997,40.5230000000003,B0047,南关区,4072
903,6,482,1115,57.6575000000013,41.2549999999996,B0047,南关区,4029
904,10,848,1962,61.0762500000028,34.3743333333322,B0048,南关区,3588
905,5,321,734,56.7565000000023,40.7063333333326,B0066,南关区,3600
906,2,289,661,59.6697500000012,42.7013333333335,B0066,南关区,3669
907,6,155,353,49.2925,12.3999999999995,B0062,南关区,5664
908,6,321,734,57.5500000000027,42.0903333333342,B0066,南关区,3562
909,7,446,1019,58.2375000000006,41.2103333333344,B0066,南关区,4031
910,15,480,1357,46.9260000000027,19.3193333333331,B0067,南关区,8457
911,8,510,1537,61.5905000000012,35.4529999999992,B0058,南关区,3585
912,3,283,747,58.2482500000019,28.2010000000004,B0066,南关区,6671
913,7,742,1592,62.3882500000015,29.3623333333339,B0064,南关区,8284
914,7,565,1704,62.2832500000001,37.5796666666659,B0058,南关区,8283
915,4,207,421,58.4300000000013,49.7133333333342,B0055,南关区,3093
916,2,246,741,64.5537500000017,50.2803333333333,B0053,南关区,1384
917,1,512,1627,58.8344999999997,43.8106666666656,B0066,南关区,1033
918,14,306,865,46.1012500000031,19.2446666666678,B0067,南关区,8457
919,6,362,837,60.0290000000001,19.7096666666662,B0035,南关区,9493
920,8,738,1687,58.9882500000023,42.3159999999996,B0050,南关区,6472
921,2,438,885,59.6917500000025,44.0419999999998,B0063,南关区,4113
922,3,294,887,62.1720000000003,48.172666666666,B0063,南关区,2525
923,6,220,630,54.5922500000025,24.7416666666661,B0033,南关区,3488
924,10,998,3152,81.1755000000005,41.3523333333335,G0007,经开区,4909
925,4,1460,3461,76.9517500000028,28.3070000000005,G0025,经开区,3420
926,18,1932,4731,74.5980000000017,43.4686666666669,G0015,经开区,2486
927,10,1333,3011,67.058000000003,34.4740000000006,G0029,经开区,2224
928,31,1765,3918,74.3742500000018,42.4086666666668,G0018,经开区,9775
929,26,2190,6535,66.9150000000016,29.1086666666658,G0032,经开区,2266
930,21,2617,6705,78.1857500000029,30.4460000000001,G0019,经开区,8538
931,10,932,2103,74.5267500000004,32.813666666667,G0014,经开区,2312
932,27,1696,5195,68.3392500000011,31.2096666666667,G0031,经开区,2205
933,4,463,1045,74.3517500000017,27.5473333333333,G0014,经开区,2202
934,3,821,2197,81.0957500000029,42.207,G0012,经开区,7356
935,12,1283,3915,71.8542500000012,32.1586666666676,G0038,经开区,2262
936,9,859,2294,84.0612500000013,45.678,G0010,经开区,9601
937,5,583,1316,75.2800000000029,28.2843333333342,G0014,经开区,2170
938,3,335,749,76.2182500000002,28.5709999999995,G0037,经开区,1747
939,3,422,872,82.0180000000015,41.8146666666672,G0011,经开区,4908
940,14,1089,3121,66.9897500000012,32.6179999999994,G0030,经开区,348
941,12,962,2429,78.7295000000015,44.9699999999993,G0006,经开区,4926
942,26,1463,3503,68.4557500000018,30.013333333334,G0024,经开区,2279
943,10,836,1794,65.8729999999999,33.6146666666674,G0033,经开区,1986
944,10,782,2844,66.5650000000007,36.9856666666664,G0002,经开区,2222
945,13,1039,2346,74.68875,32.0143333333339,G0014,经开区,2313
946,3,293,701,68.0012500000018,34.6366666666664,G0024,经开区,9169
947,8,1138,2874,79.5875000000024,46.1813333333344,G0006,经开区,1603
948,17,1500,3096,81.4047500000008,40.5013333333339,G0011,经开区,2342
949,4,477,1059,72.1772500000029,32.9476666666674,G0018,经开区,2600
950,8,1106,2455,74.5767500000021,39.9053333333323,G0017,经开区,2344
951,3,341,1100,80.0812500000028,41.5090000000002,G0008,经开区,4912
952,7,452,1644,66.8035000000025,35.6686666666661,G0002,经开区,2223
953,10,1676,3460,81.6980000000029,47.2276666666668,G0011,经开区,1576
954,10,706,1457,82.7632500000028,41.1246666666661,G0011,经开区,7335
955,2,259,698,67.8357500000004,37.1516666666665,G0028,经开区,7145
956,2,376,1004,80.3915000000011,43.3286666666675,G0042,经开区,14
957,19,1221,2822,65.7952500000008,31.7569999999989,G0001,经开区,1989
958,10,651,1504,65.9862500000017,34.7403333333342,G0001,经开区,1782
959,22,1779,4015,74.448750000002,33.2059999999999,G0014,经开区,2311
960,14,1533,3375,78.492500000003,45.1103333333336,G0016,经开区,4926
961,2,251,580,66.5662500000011,33.2493333333327,G0001,经开区,1987
962,3,460,1228,83.0572500000031,43.4573333333338,G0010,经开区,7369
963,2,147,376,77.4855000000017,29.285999999999,G0019,经开区,1738
964,6,674,1372,74.5767500000021,39.9053333333323,G0017,经开区,2344
965,26,1370,3017,74.4320000000016,41.0926666666664,G0016,经开区,2343
966,17,1366,3649,82.8455000000012,42.6689999999989,G0010,经开区,4907
967,7,598,1218,77.0035,42.1433333333331,G0017,经开区,9776
968,3,281,650,66.81575,31.6006666666671,G0001,经开区,1989
969,9,707,1904,67.6802500000022,29.3966666666658,G0028,经开区,9168
970,7,852,1876,78.492500000003,45.1103333333336,G0016,经开区,4926
971,7,709,1437,65.7160000000019,36.2706666666668,G0036,经开区,1985
972,6,718,1456,68.6825000000013,28.4343333333344,G0036,经开区,2292
973,2,246,657,83.6284999999997,44.301666666667,G0010,经开区,9599
974,4,506,1297,78.0712500000007,32.7013333333331,G0019,经开区,1744
975,3,227,607,82.6547499999997,41.6059999999992,G0010,经开区,7335
976,4,311,830,82.1222500000012,41.1319999999999,G0010,经开区,7335
977,6,380,879,65.0677500000008,31.4343333333322,G0035,经开区,2013
978,4,319,852,82.5752500000014,42.1150000000002,G0010,经开区,4907
979,2,459,935,74.2425000000004,34.5836666666675,G0017,经开区,1766
980,4,597,1335,71.4827500000013,32.9516666666668,G0037,经开区,7023
981,16,1262,3371,84.5057500000017,42.3743333333325,G0010,经开区,4904
982,8,456,1181,65.095000000003,30.3533333333329,G0034,经开区,7154
983,10,432,951,75.8767500000026,42.9900000000008,G0016,经开区,7258
984,21,1040,2117,74.8555000000017,39.2316666666659,G0037,经开区,2364
985,2,359,791,76.5799999999999,43.9063333333323,G0019,经开区,9776
986,2,392,877,73.0150000000016,27.6199999999989,G0037,经开区,1085
987,4,559,1138,73.731500000001,35.2310000000008,G0037,经开区,1791
988,5,437,978,72.2527500000005,35.4026666666674,G0026,经开区,1789
989,3,260,582,74.1505000000018,33.0876666666669,G0025,经开区,2312
990,2,125,326,73.9180000000026,42.9580000000011,G0005,经开区,2375
991,4,233,597,75.7810000000028,42.1916666666675,G0019,经开区,7257
992,13,1172,2419,76.6577500000025,41.2033333333331,G0040,经开区,7256
993,1,151,403,82.732,43.3726666666677,G0010,经开区,8709
994,1,61,139,65.8177500000008,30.2509999999998,G0003,经开区,7155
995,4,265,592,75.4705000000016,35.1319999999997,G0025,经开区,1793
996,1,132,268,67.7340000000015,28.9763333333326,G0036,经开区,8498
997,1,166,337,67.3905000000019,36.2196666666677,G0027,经开区,4161
998,3,269,602,70.7445,32.171333333333,G0027,经开区,2263
999,4,459,1376,71.5015000000001,34.6856666666658,G0026,经开区,1788
1000,1,466,962,77.9837500000014,31.5173333333334,G0040,经开区,1772
1001,21,5445,13930,82.0342500000031,48.6170000000001,G0022,经开区,1577
1002,1,277,657,76.112000000002,29.9533333333339,G0023,经开区,438
1003,4,577,1729,74.0845000000014,33.6260000000005,G0026,经开区,2311
1004,5,371,766,77.26525,41.1526666666665,G0040,经开区,7256
1005,3,163,422,66.7247500000023,31.816999999999,G0034,经开区,1989
1006,2,241,497,76.4200000000024,35.6716666666657,G0040,经开区,1795
1007,2,673,1742,65.4955000000008,37.8693333333331,G0034,经开区,2539
1008,2,303,784,66.029750000002,37.3073333333333,G0034,经开区,2221
1009,1,92,338,68.7207500000007,36.7239999999995,G0027,经开区,2253
1010,1,120,441,68.8932500000021,36.3536666666657,G0027,经开区,2253
1011,16,1238,3111,82.6255000000025,46.2086666666674,G0020,经开区,1576
1012,7,376,982,76.6855,43.4040000000001,G0005,经开区,9776
1013,1,520,1204,82.0997500000011,43.477333333333,G0004,经开区,7337
1014,1,47,122,65.9920000000014,35.6263333333331,G0034,经开区,1985
1015,2,177,651,70.0712500000016,34.866000000001,G0027,经开区,1787
1016,4,438,987,83.985000000002,41.5356666666658,G0021,经开区,7336
1017,4,125,459,66.8262500000019,37.7330000000005,G0027,经开区,2221
1018,1,207,620,72.6777500000004,35.5576666666669,G0026,经开区,1789
1019,3,385,799,75.2120000000005,38.224666666667,G0023,经开区,9799
1020,3,63,164,65.6430000000015,32.9363333333343,G0034,经开区,347
1021,8,850,2220,75.8607500000004,41.1150000000002,G0005,经开区,9792
1022,3,194,507,75.626500000002,42.7960000000004,G0041,经开区,24
1023,7,251,518,76.9665000000011,42.7999999999997,G0039,经开区,9776
1024,5,423,1268,73.5330000000012,39.3383333333333,G0026,经开区,2337
1025,6,390,822,80.2217499999998,47.475000000001,G0009,经开区,4929
1026,2,177,651,70.1322500000003,35.475333333333,G0027,经开区,1787
1027,1,44,162,67.8487500000031,36.7076666666672,G0027,经开区,9811
1028,1,312,843,82.3297500000031,42.8036666666666,G0013,经开区,4907
1029,5,193,422,74.2097500000014,38.9583333333334,G0026,经开区,2359
1030,1,125,374,73.536500000003,35.6003333333324,G0026,经开区,1791
1031,1,526,1086,76.6115000000021,38.2226666666673,G0039,经开区,9800
1032,1,208,623,74.6545000000012,33.6753333333325,G0026,经开区,2311
1033,3,263,543,79.8290000000002,43.5083333333329,G0039,经开区,15
1034,1,99,205,76.2895000000015,42.0289999999994,G0039,经开区,7590
1035,1,112,336,72.9354999999998,34.8466666666667,G0026,经开区,1790
1036,1,128,471,67.4712500000005,35.7686666666671,G0027,经开区,9179
1037,8,1534,3122,80.095250000003,50.6106666666663,G0043,经开区,3994
1038,134,4282,12106,42.7670000000013,27.9023333333323,F0021,长春新区(高新),259
1039,23,5023,14147,39.6102500000026,9.52299999999914,F0011,长春新区(高新),5853
1040,36,4846,10750,39.7005000000021,12.0099999999989,F0008,长春新区(高新),5975
1041,33,3694,8195,40.4282500000015,10.681333333333,F0008,长春新区(高新),5977
1042,13,2749,7299,39.7260000000017,8.11333333333408,F0015,长春新区(高新),5854
1043,100,5684,12183,37.022750000002,24.9523333333338,F0018,长春新区(高新),576
1044,23,3265,7243,36.7982500000004,21.0259999999991,F0008,长春新区(高新),3171
1045,37,2720,10095,30.1167500000012,11.530333333333,F0009,长春新区(高新),8175
1046,30,5747,12148,28.8342500000027,20.2639999999998,F0022,长春新区(高新),2777
1047,70,2273,4872,35.9952500000027,27.2910000000005,F0018,长春新区(高新),50
1048,30,1948,4024,46.7630000000021,26.2069999999994,F0003,长春新区(高新),9338
1049,80,3752,8042,34.6232500000028,28.4870000000007,F0018,长春新区(高新),8103
1050,22,2505,5225,31.3082500000021,8.08666666666606,F0007,长春新区(高新),5835
1051,90,2874,7076,34.9895000000018,22.3423333333344,F0020,长春新区(高新),3192
1052,15,2613,5450,32.6205000000002,9.62000000000056,F0007,长春新区(高新),5839
1053,20,2939,6212,30.37475,21.2813333333344,F0022,长春新区(高新),114
1054,21,1445,3206,31.2717500000019,9.09399999999986,F0008,长春新区(高新),5836
1055,17,1647,3750,39.8077500000014,18.6603333333342,F0016,长春新区(高新),3241
1056,174,3002,6346,32.8992499999998,2.93166666666641,F0022,长春新区(高新),9901
1057,10,1072,2740,40.9945,31.6923333333345,F0019,长春新区(高新),137
1058,10,1373,3509,41.4727500000005,31.0533333333325,F0019,长春新区(高新),137
1059,20,1870,5324,30.2577500000005,19.4980000000011,F0005,长春新区(高新),115
1060,13,1194,3193,34.1810000000002,14.3113333333342,F0006,长春新区(高新),5657
1061,31,2272,5502,31.343500000002,11.7286666666677,F0028,长春新区(高新),5968
1062,20,1478,3742,34.6852500000026,25.8216666666655,F0027,长春新区(高新),2774
1063,16,2350,5351,41.3257500000022,20.9643333333342,F0016,长春新区(高新),2856
1064,32,1728,4374,35.2755000000009,27.9773333333324,F0027,长春新区(高新),6109
1065,58,3773,8591,37.3615000000029,5.54100000000091,F0016,长春新区(高新),7628
1066,36,1101,2439,39.7640000000017,26.7679999999994,F0017,长春新区(高新),1295
1067,28,1777,4046,41.5435000000031,6.72666666666781,F0016,长春新区(高新),5855
1068,16,1207,3085,40.6957500000011,31.7113333333339,F0019,长春新区(高新),249
1069,32,3044,7371,33.9102500000017,9.3436666666662,F0028,长春新区(高新),5652
1070,16,970,2456,36.0257500000003,26.1526666666659,F0027,长春新区(高新),2866
1071,12,2957,7161,32.958500000003,14.9763333333344,F0028,长春新区(高新),9262
1072,42,1546,3520,41.4222500000001,17.2963333333342,F0016,长春新区(高新),2967
1073,22,584,1294,37.6952500000023,26.118333333334,F0017,长春新区(高新),1300
1074,8,454,1284,45.1442499999999,26.1560000000003,F0021,长春新区(高新),7006
1075,8,782,1980,34.8080000000017,24.9250000000008,F0027,长春新区(高新),866
1076,30,823,1823,41.8935000000005,26.103333333334,F0017,长春新区(高新),4106
1077,15,520,1152,42.5585000000019,29.494666666667,F0017,长春新区(高新),138
1078,12,1353,3081,41.6607500000019,23.0463333333333,F0016,长春新区(高新),6350
1079,18,3995,9152,36.3307500000012,9.35399999999949,F0023,长春新区(高新),5791
1080,10,1694,4414,33.9297500000022,15.8913333333336,F0029,长春新区(高新),5911
1081,15,1226,2532,38.5122500000001,18.643666666667,F0003,长春新区(高新),3177
1082,8,790,1670,48.2910000000025,26.9503333333342,F0010,长春新区(高新),325
1083,11,812,1860,34.5502500000023,13.7903333333327,F0023,长春新区(高新),5724
1084,28,1850,3911,40.1315000000011,17.7689999999989,F0010,长春新区(高新),840
1085,10,492,1173,35.9052500000026,26.106000000001,F0024,长春新区(高新),2814
1086,15,464,981,45.0177500000031,27.7706666666665,F0010,长春新区(高新),3466
1087,12,494,1044,41.6407500000027,15.9216666666661,F0010,长春新区(高新),7114
1088,8,472,1055,43.5682499999999,29.4039999999995,F0001,长春新区(高新),1291
1089,34,901,2015,40.1542500000005,25.818000000001,F0001,长春新区(高新),1294
1090,20,1194,2761,40.6212500000009,29.1043333333339,F0004,长春新区(高新),258
1091,12,568,1201,41.1880000000018,14.4649999999989,F0010,长春新区(高新),9692
1092,11,1419,3251,30.2475000000015,19.9806666666665,F0023,长春新区(高新),114
1093,5,973,2057,40.5455000000003,20.9723333333329,F0010,长春新区(高新),9902
1094,10,783,1655,39.4877500000028,22.2683333333341,F0010,长春新区(高新),3196
1095,9,1050,2288,40.1315000000011,17.7689999999989,F0012,长春新区(高新),840
1096,64,1321,2878,41.4747500000026,8.03466666666708,F0012,长春新区(高新),5854
1097,10,253,551,45.3997500000014,28.898333333333,F0012,长春新区(高新),289
1098,4,524,1142,45.157500000002,26.1553333333329,F0012,长春新区(高新),7006
1099,9,684,1567,34.5757500000019,14.5313333333329,F0023,长春新区(高新),5657
1100,8,281,612,44.5799999999998,27.0526666666674,F0012,长春新区(高新),4099
1101,7,537,1170,41.0102500000029,15.758333333333,F0012,长春新区(高新),5980
1102,6,713,1700,36.2632500000011,21.6909999999994,F0024,长春新区(高新),2834
1103,1,527,2156,47.1942500000004,26.8473333333337,F0013,长春新区(高新),326
1104,26,1394,3243,48.479750000002,26.2849999999991,F0013,长春新区(高新),325
1105,9,689,1578,32.3580000000021,15.6353333333333,F0023,长春新区(高新),5929
1106,3,252,586,45.4845000000006,27.1223333333334,F0013,长春新区(高新),292
1107,23,850,2589,45.0100000000013,29.7640000000001,F0002,长春新区(高新),289
1108,32,982,2284,41.3080000000008,9.36500000000014,F0013,长春新区(高新),5854
1109,19,447,999,41.1937500000015,27.3083333333328,F0001,长春新区(高新),1301
1110,8,506,1170,40.9972500000002,30.7563333333339,F0004,长春新区(高新),137
1111,10,1504,3466,30.7195,12.5416666666662,F0025,长春新区(高新),5976
1112,8,987,2353,30.2577500000005,19.4980000000011,F0024,长春新区(高新),115
1113,7,1562,3724,38.8837500000001,24.2430000000008,F0024,长春新区(高新),578
1114,30,1231,2752,38.9180000000025,29.6873333333328,F0001,长春新区(高新),2869
1115,1,192,447,44.9725000000001,27.1833333333333,F0013,长春新区(高新),410
1116,42,1275,3040,32.4170000000024,5.19933333333237,F0024,长春新区(高新),5837
1117,12,1089,2596,38.9490000000023,26.9789999999996,F0024,长春新区(高新),1295
1118,20,1361,2915,48.3212500000008,25.0259999999993,F0014,长春新区(高新),2678
1119,28,3321,7112,35.9695000000002,8.70166666666705,F0014,长春新区(高新),5792
1120,22,1313,5240,37.3915000000018,22.5716666666666,F0026,长春新区(高新),3166
1121,6,150,321,44.5677500000024,28.5063333333326,F0014,长春新区(高新),1291
1122,10,1422,5676,38.0165000000012,23.3733333333343,F0026,长春新区(高新),3235
1123,47,1248,3306,87.0010000000008,21.3373333333327,H0024,净月区,8673
1124,18,1955,4980,65.8410000000025,18.4120000000002,H0042,净月区,7047
1125,10,1299,3453,73.3305000000009,18.1876666666672,H0043,净月区,2198
1126,33,1193,2722,63.9402500000017,23.6503333333336,H0001,净月区,1916
1127,13,973,1997,66.8855000000015,18.6663333333333,H0040,净月区,7054
1128,4,715,1467,65.5565000000031,21.1353333333335,H0040,净月区,2008
1129,31,1579,3242,65.54225,24.1990000000006,H0040,净月区,1992
1130,9,770,1581,67.227250000002,19.9306666666672,H0040,净月区,7041
1131,7,1092,2242,71.720250000002,16.3259999999994,H0040,净月区,7426
1132,12,878,1824,76.0959999999997,26.749,H0041,净月区,1797
1133,23,1662,3412,72.5235000000026,27.312666666667,H0040,净月区,436
1134,36,1283,2592,65.5150000000013,25.3249999999999,H0001,净月区,1925
1135,11,1810,3760,72.0505000000031,18.2169999999999,H0041,净月区,4726
1136,11,543,1128,67.1815000000002,21.3190000000007,H0041,净月区,9528
1137,17,593,1232,69.995500000001,25.5979999999999,H0046,净月区,1920
1138,10,340,693,86.9515000000014,22.6903333333344,H0039,净月区,8669
1139,19,1311,2681,83.8427500000023,17.4949999999991,H0037,净月区,7489
1140,14,490,1012,67.2560000000004,22.2813333333344,H0046,净月区,851
1141,21,833,1720,67.0092500000017,25.7966666666671,H0046,净月区,1923
1142,17,845,1744,67.2075000000021,24.9033333333344,H0029,净月区,9744
1143,23,921,2064,85.8587499999999,5.37566666666578,H0028,净月区,5531
1144,16,838,1796,67.1662499999997,24.1056666666661,H0029,净月区,1991
1145,13,476,973,83.4687500000015,13.8526666666673,H0038,净月区,2141
1146,10,518,1110,70.8410000000015,25.5673333333325,H0029,净月区,3043
1147,6,571,1225,68.305500000001,19.8686666666674,H0029,净月区,4707
1148,8,298,853,65.4747499999999,20.7809999999995,H0001,净月区,2008
1149,6,1021,2190,71.724500000002,16.1266666666672,H0030,净月区,7426
1150,14,582,1666,64.26175,21.2313333333327,H0001,净月区,1960
1151,24,736,1500,87.9132499999997,27.4786666666671,H0027,净月区,3380
1152,14,779,1970,85.1325000000003,19.3953333333331,H0035,净月区,3519
1153,11,447,1279,65.7420000000002,25.6903333333322,H0001,净月区,9701
1154,11,1344,3503,73.6880000000006,17.3729999999992,H0035,净月区,2198
1155,23,2881,8246,66.7120000000026,11.1053333333331,H0001,净月区,9332
1156,13,548,1115,69.1952499999999,25.8960000000007,H0051,净月区,1920
1157,14,545,1228,71.8355000000024,17.2173333333324,H0035,净月区,4771
1158,29,675,1932,64.3122500000004,25.173,H0001,净月区,1927
1159,7,720,2061,63.4157500000008,21.1756666666669,H0001,净月区,1952
1160,11,228,513,86.0947500000009,8.88499999999937,H0035,净月区,4840
1161,10,357,1022,66.5227500000007,23.0726666666664,H0002,净月区,1954
1162,5,239,539,87.3625000000011,18.6346666666661,H0035,净月区,2216
1163,5,414,842,71.0750000000004,27.3380000000003,H0057,净月区,2201
1164,19,450,1014,85.2522499999999,25.2310000000004,H0035,净月区,3394
1165,8,498,1425,62.8965000000008,21.108333333333,H0002,净月区,1952
1166,10,554,1222,88.5452500000028,29.0579999999991,H0033,净月区,3392
1167,19,493,1111,85.0995000000019,9.13666666666776,H0033,净月区,4841
1168,6,331,667,67.227250000002,19.9306666666672,H0002,净月区,7041
1169,18,838,1888,83.2245,3.41366666666687,H0008,净月区,8486
1170,24,787,1585,65.6827500000006,26.6866666666677,H0003,净月区,1935
1171,8,493,1111,86.7552500000031,5.8186666666676,H0004,净月区,5531
1172,9,707,1637,80.9007500000014,23.2533333333341,H0009,净月区,4856
1173,6,196,399,88.0352500000008,19.3336666666658,H0006,净月区,2214
1174,5,276,608,84.1530000000006,13.7499999999993,H0006,净月区,2141
1175,14,564,1428,86.6837500000024,26.4390000000011,H0007,净月区,3417
1176,11,503,1013,68.7010000000008,26.5060000000001,H0003,净月区,1939
1177,17,355,1042,79.6777500000019,4.22533333333301,H0009,净月区,2092
1178,9,1163,2488,81.44025,23.3960000000006,H0009,净月区,7656
1179,9,269,681,84.0695000000018,11.9149999999995,H0009,净月区,2069
1180,10,420,958,81.7392500000018,22.3583333333342,H0009,净月区,7659
1181,3,275,555,66.0784999999997,22.3646666666658,H0003,净月区,852
1182,26,563,1428,71.5415000000022,11.0473333333327,H0005,净月区,4789
1183,9,1112,2332,74.4070000000008,16.070333333334,H0025,净月区,2183
1184,9,637,1362,84.5505000000024,18.8576666666667,H0012,净月区,3519
1185,2,68,192,62.9590000000029,21.5486666666678,H0003,净月区,1952
1186,5,1659,4681,68.9555000000013,20.5056666666674,H0003,净月区,9536
1187,10,282,606,83.3370000000002,13.1109999999997,H0012,净月区,2138
1188,9,308,660,83.3222500000019,11.7676666666663,H0012,净月区,2109
1189,13,347,1084,70.6960000000017,16.7356666666668,H0052,净月区,4770
1190,11,307,866,64.7127500000018,26.3416666666672,H0003,净月区,2004
1191,9,514,1099,80.2895000000028,9.55266666666669,H0012,净月区,2085
1192,11,306,774,89.1630000000028,19.0330000000003,H0012,净月区,2217
1193,8,455,973,81.3177500000002,23.5859999999993,H0012,净月区,4856
1194,14,2718,5740,72.672500000003,16.5869999999989,H0026,净月区,4771
1195,8,280,599,79.4962500000018,9.46066666666686,H0012,净月区,2085
1196,7,440,1241,68.5002500000032,24.8893333333342,H0003,净月区,1921
1197,4,300,847,68.0167500000017,22.0020000000005,H0003,净月区,4799
1198,5,160,451,67.3530000000007,19.241000000001,H0003,净月区,9537
1199,7,485,1049,71.2952500000021,25.9556666666659,H0057,净月区,1497
1200,4,1007,3146,71.12725,22.2679999999992,H0052,净月区,4796
1201,5,696,1506,70.6695000000011,23.5073333333323,H0052,净月区,1917
1202,19,404,964,83.8427500000023,17.4949999999991,H0012,净月区,7489
1203,6,618,2212,69.3467500000011,27.749,H0053,净月区,2270
1204,5,764,1602,74.5630000000013,17.065,H0025,净月区,2199
1205,5,136,306,84.5337500000021,14.4186666666665,H0047,净月区,2117
1206,22,531,1266,83.684250000001,4.75066666666635,H0012,净月区,8489
1207,8,373,1334,70.0660000000006,24.6390000000005,H0053,净月区,2005
1208,10,321,765,80.8795000000018,14.7813333333341,H0012,净月区,2137
1209,12,1126,3176,64.1795000000016,18.365333333333,H0003,净月区,8494
1210,6,328,781,84.8155000000013,18.3579999999992,H0013,净月区,4837
1211,21,634,1512,85.7562500000029,4.05199999999913,H0013,净月区,8484
1212,10,528,1258,80.9527500000016,5.97399999999955,H0013,净月区,4776
1213,10,257,612,83.679250000003,18.3026666666658,H0014,净月区,2128
1214,3,213,461,80.9445000000011,26.4819999999991,H0010,净月区,3353
1215,3,96,230,86.4787500000013,24.4153333333325,H0014,净月区,8679
1216,5,159,379,81.5584999999999,8.25633333333305,H0015,净月区,2191
1217,5,191,454,85.166000000001,26.3840000000002,H0015,净月区,3412
1218,7,258,541,72.3650000000013,11.6599999999991,H0025,净月区,9878
1219,4,96,211,86.9425000000028,18.5333333333328,H0015,净月区,2216
1220,8,342,964,64.85275,21.1213333333333,H0032,净月区,2008
1221,12,1149,2480,71.5210000000006,24.2859999999988,H0050,净月区,1946
1222,13,458,1003,86.6942500000008,16.8463333333335,H0017,净月区,4353
1223,3,386,816,74.9635000000026,18.0503333333325,H0026,净月区,2198
1224,11,282,617,92.8582500000026,20.4923333333322,H0016,净月区,2220
1225,14,719,1574,86.7552500000031,5.8186666666676,H0049,净月区,5531
1226,27,628,1279,75.1262500000003,5.19800000000004,H0026,净月区,9559
1227,3,101,315,83.2222500000022,15.0120000000011,H0018,净月区,2114
1228,4,203,572,62.9590000000029,21.5486666666678,H0032,净月区,1952
1229,14,422,959,78.4477500000023,13.6873333333322,H0020,净月区,2151
1230,11,364,980,90.4867500000002,19.3763333333337,H0019,净月区,2218
1231,2,70,152,84.5710000000004,15.0503333333324,H0011,净月区,2117
1232,3,777,1640,69.9552500000031,21.3193333333332,H0026,净月区,9535
1233,4,113,319,64.8125000000022,20.2150000000003,H0032,净月区,7056
1234,9,543,1147,77.9802500000031,4.2546666666657,H0026,净月区,9557
1235,2,156,396,68.1620000000009,26.8299999999992,H0045,净月区,7038
1236,4,169,611,84.1855000000003,13.0709999999989,H0021,净月区,2141
1237,7,492,1039,77.1245,10.321,H0054,净月区,3252
1238,3,401,876,87.4125000000028,19.6126666666672,H0049,净月区,2216
1239,5,581,1576,74.8120000000014,27.1316666666669,H0054,净月区,2176
1240,11,726,1969,84.6905000000007,3.1393333333322,H0056,净月区,8485
1241,11,2151,5112,67.7277500000031,10.969333333333,H0034,净月区,4709
1242,2,470,1034,64.85275,21.1213333333333,H0048,净月区,2008
1243,6,457,969,79.1297499999999,24.4493333333343,H0056,净月区,3517
1244,4,463,981,78.2327500000015,23.1383333333331,H0056,净月区,3509
1245,5,199,727,79.1782500000018,12.2110000000006,H0022,净月区,2150
1246,6,173,424,82.1725000000022,4.67499999999887,H0058,净月区,5539
1247,3,107,264,89.910500000002,18.9283333333326,H0049,净月区,2218
1248,10,367,777,74.5130000000032,26.0569999999992,H0058,净月区,4854
1249,2,58,142,86.7997500000008,15.7760000000001,H0049,净月区,4517
1250,2,402,884,68.3812500000016,7.19899999999996,H0058,净月区,4534
1251,2,80,174,64.2294999999997,22.2833333333341,H0023,净月区,854
1252,9,374,792,80.9002500000027,8.19966666666735,H0058,净月区,2191
1253,2,312,1018,79.0160000000029,23.2163333333328,H0058,净月区,4452
1254,11,1448,3546,67.1697500000015,9.82766666666635,H0053,净月区,9330
1255,12,260,663,78.4255000000016,6.31966666666746,H0059,净月区,2089
1256,2,28,82,85.0355,13.6729999999995,H0036,净月区,2141
1257,9,797,1685,73.6725000000007,15.3463333333335,H0053,净月区,6423
1258,4,135,483,79.6025,24.1599999999996,H0053,净月区,3517
1259,2,68,244,84.1150000000006,17.3693333333323,H0044,净月区,7489
1260,4,795,1681,77.4265000000014,22.617333333334,H0055,净月区,3509
1261,2,60,128,85.9502499999998,17.4196666666665,H0055,净月区,4853
1262,2,90,254,81.4422500000021,8.55966666666556,H0031,净月区,2084
1263,5,169,551,91.6790000000027,20.0906666666659,H0055,净月区,2219
1264,10,852,3048,78.7370000000003,23.6486666666664,H0055,净月区,3512
1265,4,139,452,80.6905000000029,12.5186666666674,H0055,净月区,2094
1266,4,139,452,82.1560000000012,17.3933333333333,H0055,净月区,7487
1267,22,564,1836,82.497250000003,4.52333333333381,H0055,净月区,8489
1268,2,110,422,84.089500000001,12.2816666666665,H0055,净月区,2138
1269,28,1598,3275,31.917,29.5123333333341,I0036,汽开区,1375
1270,33,2147,4948,27.8380000000027,27.2776666666677,I0038,汽开区,7922
1271,16,642,1720,41.7375,42.6246666666662,I0012,汽开区,734
1272,10,927,2485,41.3462500000001,42.4473333333329,I0012,汽开区,734
1273,9,964,2020,40.1620000000023,43.8230000000009,I0040,汽开区,3545
1274,13,1137,2620,20.7505000000019,27.9280000000005,I0038,汽开区,7813
1275,10,1522,3507,21.6497500000017,25.0960000000002,I0038,汽开区,2792
1276,8,1797,4206,44.0292500000012,43.4209999999998,I0016,汽开区,9138
1277,17,1082,2494,24.7177500000007,25.1403333333329,I0038,汽开区,2788
1278,25,1952,6396,24.866750000001,27.054666666667,I0019,汽开区,7841
1279,5,649,1590,37.3557499999997,37.5709999999998,I0044,汽开区,7903
1280,11,1175,2536,29.9200000000006,28.4779999999998,I0022,汽开区,8613
1281,10,1216,2980,36.6772500000003,37.0790000000009,I0044,汽开区,7904
1282,19,1138,2471,45.6907500000021,40.8956666666664,I0015,汽开区,5606
1283,17,978,2111,23.1250000000003,27.8253333333325,I0022,汽开区,7840
1284,5,289,624,42.7752500000018,44.213999999999,I0011,汽开区,3497
1285,10,838,1794,26.8717500000015,22.8773333333336,I0023,汽开区,119
1286,3,665,1394,41.382500000001,44.4910000000007,I0040,汽开区,755
1287,10,625,1310,41.3975000000022,43.738,I0040,汽开区,523
1288,9,749,1603,26.1607500000025,23.3980000000003,I0023,汽开区,8295
1289,24,1282,3352,21.9987500000016,34.2389999999995,I0020,汽开区,2726
1290,8,530,1134,25.6962500000029,25.7606666666656,I0023,汽开区,2812
1291,21,1413,3160,22.115000000003,35.1506666666666,I0018,汽开区,2725
1292,7,964,2204,35.9975000000006,41.5166666666664,I0045,汽开区,7928
1293,10,374,1088,25.7802500000004,25.2986666666667,I0024,汽开区,2855
1294,10,818,2773,41.0862500000029,37.3443333333322,I0043,汽开区,7084
1295,21,1460,3714,24.3842500000007,35.0423333333344,I0021,汽开区,3029
1296,9,593,1215,31.0917500000016,27.6896666666673,I0024,汽开区,8292
1297,4,595,1301,33.1487500000023,31.2483333333328,I0037,汽开区,613
1298,12,1139,3314,23.6812500000028,26.5060000000001,I0024,汽开区,2782
1299,21,1060,2317,31.9315000000024,30.6339999999992,I0037,汽开区,1375
1300,2,213,499,43.538250000001,42.1493333333345,I0016,汽开区,7236
1301,20,2231,4868,18.8082500000029,35.8736666666673,I0018,汽开区,4372
1302,13,1558,3358,25.7020000000026,28.8836666666678,I0025,汽开区,3004
1303,19,1482,3388,34.4215000000006,39.4936666666676,I0045,汽开区,833
1304,4,427,920,23.54725,27.5013333333334,I0025,汽开区,7839
1305,3,337,706,41.9767499999999,44.5196666666661,I0040,汽开区,3491
1306,7,527,1095,46.4025000000028,43.7546666666672,I0017,汽开区,2917
1307,8,611,1270,44.5287500000013,43.0363333333332,I0017,汽开区,1351
1308,9,745,1725,26.2985000000029,34.3080000000005,I0035,汽开区,2668
1309,10,708,1751,30.2597500000026,36.4146666666656,I0042,汽开区,912
1310,2,217,543,39.9700000000003,42.280333333333,I0050,汽开区,752
1311,2,375,842,42.61275,39.306000000001,I0041,汽开区,159
1312,5,348,751,42.6125000000006,43.4956666666674,I0011,汽开区,9162
1313,13,589,1364,27.225750000003,35.0076666666676,I0035,汽开区,399
1314,7,468,1023,33.5732499999999,32.6343333333341,I0037,汽开区,7101
1315,19,1195,2683,36.1420000000017,37.9089999999991,I0041,汽开区,3834
1316,8,736,1708,34.8717500000006,38.2336666666655,I0052,汽开区,2702
1317,9,376,871,30.8555000000013,30.2333333333327,I0035,汽开区,7848
1318,5,278,644,25.6335000000014,22.9616666666672,I0035,汽开区,2789
1319,1,237,513,37.3422500000018,42.1669999999992,I0051,汽开区,542
1320,10,587,1318,41.3335000000004,39.3466666666669,I0041,汽开区,7128
1321,4,350,733,39.3822500000027,42.0929999999989,I0040,汽开区,876
1322,8,402,1077,42.8722500000021,38.9313333333329,I0012,汽开区,7239
1323,4,244,625,38.9172500000008,40.2463333333335,I0053,汽开区,9916
1324,13,697,1614,32.4242500000018,38.0306666666665,I0035,汽开区,2713
1325,8,560,1425,31.2550000000016,36.7200000000002,I0021,汽开区,830
1326,19,1055,2245,40.8480000000004,40.1509999999992,I0046,汽开区,7743
1327,11,547,1392,27.1967500000017,35.4806666666671,I0021,汽开区,399
1328,13,665,1692,32.8660000000021,38.1799999999994,I0021,汽开区,2713
1329,5,179,372,29.4472500000005,26.909666666666,I0010,汽开区,2807
1330,1,160,340,38.9335000000024,42.5503333333334,I0046,汽开区,751
1331,13,1068,2389,27.7042500000029,34.8186666666663,I0027,汽开区,105
1332,17,597,1270,36.10325,39.4323333333328,I0046,汽开区,622
1333,10,571,1277,22.9774999999997,34.4733333333333,I0029,汽开区,7761
1334,8,331,704,36.2205000000024,38.6796666666669,I0046,汽开区,623
1335,16,1068,2200,29.0014999999997,36.2336666666678,I0048,汽开区,954
1336,16,760,1700,23.3337500000026,35.4473333333327,I0030,汽开区,7762
1337,20,834,3013,28.100000000002,35.8326666666666,I0048,汽开区,953
1338,1,80,167,43.3082500000026,43.5299999999993,I0017,汽开区,9138
1339,1,90,192,40.96075,43.8433333333326,I0048,汽开区,6427
1340,2,128,399,42.7160000000022,36.5443333333341,I0009,汽开区,4222
1341,3,358,772,42.3410000000004,39.722,I0011,汽开区,7754
1342,3,326,830,30.999750000003,37.2413333333341,I0048,汽开区,830
1343,8,416,1422,25.8552500000029,36.0923333333337,I0039,汽开区,3015
1344,16,770,1961,37.2372500000004,39.3076666666659,I0011,汽开区,206
1345,17,1290,3286,30.4270000000031,35.5846666666674,I0009,汽开区,573
1346,13,1134,3528,28.3797500000027,36.6796666666668,I0011,汽开区,953
1347,15,1054,2275,31.6557500000023,33.2920000000006,I0034,汽开区,568
1348,1,62,180,20.9857500000012,29.9049999999994,I0047,汽开区,7795
1349,8,285,615,42.0947500000004,38.2983333333324,I0034,汽开区,3500
1350,2,75,162,41.9075000000007,43.5240000000003,I0014,汽开区,9147
1351,1,76,158,46.6377500000021,41.3866666666678,I0014,汽开区,1360
1352,7,548,1182,35.8160000000005,40.9610000000005,I0034,汽开区,4500
1353,4,276,563,25.8972499999999,35.1986666666662,I0039,汽开区,3015
1354,3,172,358,43.5425000000009,42.6329999999998,I0034,汽开区,7238
1355,20,1358,2908,30.8194999999998,32.7603333333334,I0047,汽开区,607
1356,16,893,2092,32.3312500000021,37.2203333333327,I0047,汽开区,956
1357,8,526,1232,32.8100000000013,36.4026666666675,I0039,汽开区,1372
1358,3,215,459,34.1185000000017,38.0283333333343,I0026,汽开区,2700
1359,10,743,1591,29.3227500000022,35.1789999999994,I0039,汽开区,612
1360,4,271,661,45.3195000000015,41.5143333333343,I0013,汽开区,1322
1361,10,594,1272,33.0402500000027,35.9600000000005,I0033,汽开区,1371
1362,9,412,882,36.2102499999999,39.5076666666678,I0002,汽开区,622
1363,7,364,743,23.84275,34.0973333333328,I0028,汽开区,7882
1364,10,645,1373,32.804500000001,34.7863333333341,I0033,汽开区,7910
1365,1,60,155,39.025500000001,42.2203333333329,I0054,汽开区,751
1366,5,326,663,35.1732499999997,39.6029999999996,I0002,汽开区,832
1367,5,183,372,34.0560000000032,38.7393333333345,I0002,汽开区,667
1368,7,347,840,35.1485000000018,37.1406666666658,I0001,汽开区,2709
1369,1,270,654,41.673000000003,40.7780000000007,I0001,汽开区,155
1370,3,187,545,33.3157499999999,33.2040000000002,I0001,汽开区,823
1371,2,123,298,34.753000000002,38.5166666666663,I0001,汽开区,666
1372,1,75,153,24.5725000000014,34.1933333333344,I0028,汽开区,7882
1373,1,81,194,44.6602499999997,40.3956666666664,I0001,汽开区,4005
1374,2,139,374,32.9050000000031,39.2923333333333,I0001,汽开区,649
1375,13,685,1996,33.0314999999999,34.9839999999991,I0003,汽开区,7909
1376,10,682,1987,32.1190000000016,36.0309999999989,I0003,汽开区,828
1377,15,811,1939,41.1532500000007,41.0946666666661,I0003,汽开区,152
1378,13,837,1707,31.8290000000019,35.3706666666677,I0004,汽开区,827
1379,4,325,663,31.4782500000028,34.4923333333327,I0004,汽开区,2712
1380,4,208,440,25.5322500000013,35.090333333334,I0004,汽开区,3029
1381,1,50,120,43.6322500000017,43.895999999999,I0004,汽开区,9164
1382,3,138,329,36.1830000000012,36.433,I0004,汽开区,7905
1383,2,70,167,41.3807500000019,38.0533333333328,I0005,汽开区,621
1384,7,251,600,38.1730000000005,37.5493333333334,I0005,汽开区,1273
1385,1,201,455,43.3030000000016,44.2773333333335,I0005,汽开区,3475
1386,1,65,147,45.6907500000021,40.8956666666664,I0005,汽开区,5606
1387,11,703,1896,31.1880000000002,32.1430000000002,I0005,汽开区,6460
1388,17,913,2066,30.147000000003,27.5859999999994,I0031,汽开区,2808
1389,1,126,285,41.4027500000032,40.6326666666672,I0031,汽开区,7129
1390,1,139,315,43.1232500000007,43.3376666666661,I0031,汽开区,5607
1391,5,263,556,23.9185000000006,33.8213333333333,I0031,汽开区,7882
1392,7,457,1034,34.9710000000023,36.639000000001,I0031,汽开区,3845
1393,1,198,448,45.9027499999998,40.1363333333341,I0031,汽开区,4288
1394,3,218,494,32.1595000000023,32.6533333333335,I0031,汽开区,565
1395,3,202,433,41.4652500000017,41.7413333333343,I0031,汽开区,3470
1396,3,191,409,33.1617500000014,39.2066666666674,I0032,汽开区,649
1397,1,163,332,42.5125000000008,44.2586666666666,I0006,汽开区,3491
1398,3,124,253,31.1330000000005,38.388,I0032,汽开区,831
1399,2,131,267,36.2297500000004,36.0790000000009,I0006,汽开区,2706
1400,1,111,226,41.8987500000014,40.4649999999999,I0006,汽开区,7753
1401,7,533,1086,32.745000000002,34.0253333333322,I0032,汽开区,825
1402,4,187,381,31.5422500000011,38.1796666666669,I0032,汽开区,9714
1403,1,37,102,32.9050000000031,39.2923333333333,I0049,汽开区,649
1404,4,207,421,38.1365000000002,40.7923333333334,I0032,汽开区,4025
1405,5,231,908,25.5097500000012,34.5063333333329,I0032,汽开区,3029
1406,4,267,744,35.6472500000002,40.5273333333322,I0008,汽开区,4021
1407,2,185,727,26.0737500000019,36.6283333333328,I0008,汽开区,8435
1408,3,115,320,33.625500000003,36.866000000001,I0008,汽开区,652
1409,1,48,134,45.322500000001,42.283,I0007,汽开区,85
