路口节点,路口节点所属行政区,路口节点连接社区数,路口横坐标,路口纵坐标
7,绿园区,1,49.3267250000002,49.9928000000007
14,经开区,1,80.5247250000001,43.2997333333323
15,经开区,1,79.7653750000009,43.269300000001
19,绿园区,1,49.3934000000031,49.071299999999
24,经开区,1,75.8202500000031,42.9056333333335
50,长春新区(高新),1,36.0776999999999,26.914499999999
85,汽开区,1,45.3593750000003,42.027166666666
105,汽开区,1,28.0197750000006,34.9633000000011
114,长春新区(高新),2,30.524175,19.8704333333334
115,长春新区(高新),2,30.5532500000005,19.8464999999999
119,汽开区,1,27.4862750000011,22.135600000001
136,朝阳区,1,41.7326750000022,32.6836999999998
137,长春新区(高新),3,41.7557250000016,31.048166666667
138,长春新区(高新),1,41.777175,28.9861666666672
152,汽开区,1,41.1856750000013,41.1176333333335
155,汽开区,1,41.6894000000028,40.7976333333338
159,汽开区,1,42.8442000000011,39.5374999999992
171,朝阳区,2,46.9387500000025,36.0931333333336
172,朝阳区,1,47.3848250000017,35.6609000000011
183,绿园区,1,38.8853750000031,48.0060999999997
184,绿园区,1,38.8987500000013,47.0948666666663
186,绿园区,1,38.9531250000026,45.5496000000011
200,绿园区,1,38.9553000000014,46.4981333333322
201,绿园区,1,38.942825000003,47.0954000000011
203,绿园区,1,38.9203500000015,48.7604666666665
206,汽开区,1,37.1524250000022,39.1629000000009
219,朝阳区,1,45.7996999999999,32.4598666666655
224,朝阳区,1,50.1563249999997,36.9389999999991
226,朝阳区,1,50.6064750000022,36.9372666666668
230,朝阳区,1,50.4460000000009,37.4511333333345
232,朝阳区,1,44.3674500000029,34.2063666666661
235,朝阳区,1,42.9156500000012,35.6542999999997
236,朝阳区,1,42.5667000000018,35.9937333333325
241,朝阳区,1,49.5014500000011,36.3273000000011
242,朝阳区,1,48.1058000000019,34.9985333333341
248,朝阳区,1,39.9645750000026,32.652800000001
249,长春新区(高新),1,40.6290499999997,32.6617000000008
250,朝阳区,3,42.4546000000028,32.6965666666676
251,朝阳区,1,42.8442500000017,32.7033666666665
258,长春新区(高新),1,41.3714750000018,28.7402666666665
259,长春新区(高新),1,42.6475000000011,26.8742333333331
273,朝阳区,1,50.4210750000027,38.5441999999993
276,朝阳区,2,50.3897500000008,40.5158333333328
281,朝阳区,1,50.2561500000027,41.8061333333337
289,长春新区(高新),2,45.7498750000021,29.0833999999999
290,朝阳区,1,45.7444250000023,28.1554000000005
292,长春新区(高新),1,45.7275750000008,26.7932666666676
312,朝阳区,1,55.5408750000019,37.2118333333328
325,长春新区(高新),2,48.557725000002,26.7687999999993
326,长春新区(高新),1,46.9396750000009,26.747699999999
334,南关区,1,55.0437500000029,26.9263333333332
341,南关区,1,54.8984250000011,26.5845333333322
342,南关区,1,54.9728000000016,26.6210666666661
347,经开区,1,65.9944250000031,33.047866666666
348,经开区,1,67.3252000000026,33.0068666666676
361,朝阳区,1,54.5002250000017,46.8973999999989
377,朝阳区,1,45.5785000000013,36.9041666666661
385,朝阳区,1,37.0531249999999,31.8526000000006
399,汽开区,2,27.2045750000025,34.6794333333331
410,长春新区(高新),1,45.3042500000009,26.7524666666669
436,净月区,1,72.7606250000008,27.3330000000011
438,经开区,1,75.6165000000024,30.3512999999995
461,朝阳区,1,48.794400000002,32.7995333333343
462,朝阳区,1,49.0552000000015,32.8033
464,朝阳区,1,50.3098500000014,32.8216666666658
469,绿园区,2,52.2723500000026,51.1090333333328
472,朝阳区,1,47.0312000000028,40.9848666666666
476,朝阳区,1,54.4857000000008,43.9344999999989
484,朝阳区,1,51.0574750000004,44.7486000000007
502,朝阳区,1,48.7105999999997,43.5068333333343
503,朝阳区,1,48.1360500000001,43.5800333333323
504,朝阳区,1,48.1004250000012,43.5981333333331
505,绿园区,1,47.7023750000001,43.8003000000009
523,汽开区,1,41.3059750000002,43.759399999999
528,绿园区,1,36.9641000000023,49.9699999999995
530,绿园区,1,36.9942000000023,48.0757000000007
542,汽开区,1,37.1804000000004,41.8008333333333
547,绿园区,2,37.0897000000028,45.5311000000004
548,绿园区,1,37.0696750000015,46.4784999999992
550,绿园区,1,37.0160750000004,49.9313333333333
551,绿园区,1,37.0154750000005,49.9699999999995
565,汽开区,1,32.1864500000011,32.4444000000005
568,汽开区,1,31.7243500000011,33.2176333333341
573,汽开区,1,30.2860000000003,35.7843666666658
576,长春新区(高新),1,37.2318000000007,25.6124
578,长春新区(高新),1,38.956050000003,24.1417666666663
607,汽开区,1,30.7964750000025,32.7207999999999
612,汽开区,1,29.288300000001,35.4032666666673
613,汽开区,1,33.1907250000008,30.8453333333342
621,汽开区,1,41.4032500000019,37.4292333333344
622,汽开区,2,36.1433750000018,39.8954666666664
623,汽开区,1,36.1604500000006,38.6310666666674
649,汽开区,3,33.6012500000003,39.8891666666662
652,汽开区,1,33.9862500000017,37.192766666666
666,汽开区,1,34.8991000000005,38.4103666666675
667,汽开区,1,33.8571750000014,38.4022000000002
713,绿园区,1,35.2346250000011,45.5102000000001
714,绿园区,1,35.3061750000023,45.5093666666665
716,绿园区,1,38.2570750000006,45.5421999999999
719,绿园区,1,40.071925000003,45.5674333333344
720,绿园区,1,41.2100750000022,45.5877000000011
721,绿园区,5,41.2523250000021,45.5889000000009
722,绿园区,3,42.9149000000031,45.6298666666678
723,绿园区,1,43.4997750000008,45.6360333333331
724,绿园区,1,43.9185250000023,45.6164999999989
729,绿园区,2,45.5218250000016,44.8888999999989
730,绿园区,1,45.8716000000017,44.7181333333333
731,绿园区,1,46.3071750000026,44.5000666666668
734,汽开区,2,41.2982750000026,42.4979333333345
751,汽开区,2,38.9905500000012,42.4192666666675
752,汽开区,1,40.1162750000026,42.4476999999991
755,汽开区,1,41.268800000001,44.7208333333341
761,绿园区,1,42.1691250000009,49.3732000000004
762,绿园区,2,41.8668250000032,48.5704999999991
764,绿园区,2,41.3067250000019,47.111200000001
765,绿园区,3,41.2015250000017,46.4066666666672
788,绿园区,1,35.4576250000029,50.9688666666672
789,绿园区,1,34.9253249999997,49.9865666666655
790,绿园区,1,35.8248250000024,51.5519666666672
801,南关区,1,52.358850000001,23.5363666666662
812,南关区,1,58.7212749999999,21.9494666666667
813,南关区,1,59.8072250000001,21.9477666666658
823,汽开区,1,33.2114000000026,33.5408333333334
825,汽开区,1,32.6219250000008,34.3460666666668
827,汽开区,1,32.1767500000014,35.1434666666677
828,汽开区,1,31.7731500000029,35.8616666666668
830,汽开区,2,31.1763999999997,36.9636
831,汽开区,1,30.5380750000026,38.4965999999996
832,汽开区,1,35.3828749999998,39.9083999999993
833,汽开区,1,33.6593250000021,39.8986333333345
834,朝阳区,4,43.9030750000029,31.0707999999996
835,朝阳区,1,44.401275000002,31.0842666666673
840,长春新区(高新),2,40.5341750000012,17.3981333333326
851,净月区,1,67.3792000000013,22.2422000000009
852,净月区,1,66.3601500000013,22.0689000000007
854,净月区,1,64.7053750000026,21.9979666666674
866,长春新区(高新),1,35.12585,25.6714666666677
876,汽开区,1,39.0009249999999,41.8029000000004
902,朝阳区,1,52.8763000000012,39.6260666666658
903,朝阳区,1,53.4364750000016,39.6331666666659
905,朝阳区,1,54.2444750000009,39.3897666666661
906,朝阳区,1,54.5878000000002,39.3943000000003
908,朝阳区,1,47.9566499999997,40.080966666667
912,汽开区,1,30.0959000000027,36.1979999999988
916,绿园区,1,47.3808499999997,43.9902666666659
918,朝阳区,1,48.4653000000002,39.5779333333337
920,朝阳区,1,47.6331999999999,40.3970999999999
953,汽开区,2,28.6864500000021,36.4712333333325
954,汽开区,1,28.7480250000023,36.500199999999
956,汽开区,1,32.2419750000016,37.1163999999998
964,朝阳区,1,55.4905000000012,39.6648666666669
966,朝阳区,3,56.955275,39.3999333333331
970,南关区,3,58.9168999999998,40.6988666666663
972,南关区,1,59.422050000002,41.1106666666659
974,南关区,1,60.188550000003,41.772633333333
978,朝阳区,1,55.4713000000007,41.3692999999995
979,朝阳区,1,55.4729250000001,41.1057666666655
981,朝阳区,1,55.4780250000029,40.5850000000001
982,朝阳区,1,55.5125000000025,38.6207000000004
984,朝阳区,2,55.5294750000002,37.7607333333335
987,朝阳区,1,49.4295500000028,38.1282000000004
990,朝阳区,1,49.0534250000003,37.7742666666663
1004,朝阳区,2,42.8259000000004,35.5746333333329
1025,南关区,1,57.168775000001,43.2144333333326
1031,南关区,1,58.1299500000014,43.8621000000007
1032,南关区,1,58.591775,44.1331999999998
1033,南关区,1,58.6361500000017,44.157566666667
1036,南关区,1,59.3417000000009,44.6616333333338
1037,南关区,1,59.6210750000026,44.8690000000009
1044,南关区,1,58.8750000000005,45.3672333333325
1047,朝阳区,1,54.909900000002,44.975966666667
1074,南关区,1,57.5924000000008,46.1419333333334
1085,经开区,1,73.240000000002,27.7113
1092,宽城区,1,55.7808500000014,67.6066000000001
1111,宽城区,1,54.588325000001,52.3009000000011
1132,朝阳区,1,53.7995500000008,47.7391333333325
1145,宽城区,1,57.2843250000012,50.3649333333343
1158,宽城区,1,52.9827000000012,50.6284666666659
1172,朝阳区,1,51.150425000003,46.4263000000003
1190,绿园区,1,48.5608000000006,47.6092333333327
1194,绿园区,1,45.419625000001,49.1110333333324
1198,绿园区,1,49.4172500000012,57.1277333333337
1213,南关区,1,57.6294750000024,47.6507666666658
1214,朝阳区,1,57.4284499999997,47.563599999999
1216,朝阳区,1,56.854125000001,47.3134000000002
1219,南关区,1,58.3921750000016,48.8339999999994
1234,朝阳区,1,53.0669750000001,46.8687333333335
1236,朝阳区,1,53.4813249999999,46.878066666667
1250,朝阳区,3,52.3792250000028,29.1755000000009
1254,南关区,2,53.3249250000019,26.2651333333324
1266,南关区,3,49.6791000000023,20.5847333333343
1270,绿园区,2,42.7180500000013,53.0657
1273,汽开区,1,38.0180500000016,37.8736666666673
1291,长春新区(高新),2,43.9013500000023,29.0522999999988
1294,长春新区(高新),1,40.9384000000017,25.4624666666672
1295,长春新区(高新),2,39.4888000000009,27.5304999999998
1300,长春新区(高新),1,37.8641500000008,26.1459666666658
1301,长春新区(高新),1,40.0764000000002,27.907199999999
1306,朝阳区,1,49.390650000003,29.1317666666657
1307,朝阳区,2,50.0846750000008,29.1479333333342
1308,朝阳区,2,53.7804250000029,29.205500000001
1313,南关区,1,57.8563500000016,29.581433333334
1314,南关区,1,57.9825249999999,29.6043333333339
1315,南关区,1,58.9587000000016,29.5923666666672
1316,南关区,1,58.9820250000024,29.5918666666661
1322,汽开区,1,45.3755000000022,41.5826666666656
1334,宽城区,1,52.7505500000025,59.0897666666663
1351,汽开区,1,44.2269000000017,42.5400666666675
1352,绿园区,2,37.9089750000006,53.417166666667
1354,绿园区,1,38.5849,50.0209333333335
1360,朝阳区,3,46.3214250000021,41.1519666666678
1371,汽开区,1,33.0571250000027,35.6092333333322
1372,汽开区,1,32.515250000003,36.3854666666678
1375,汽开区,2,32.1109499999999,30.2860666666665
1378,南关区,1,63.6071250000008,48.5954000000011
1383,二道区,1,65.6405000000007,48.8509666666677
1384,南关区,1,64.6054000000014,48.783299999999
1389,二道区,1,68.3151750000022,52.223033333334
1396,南关区,2,64.2727750000027,52.1932666666677
1397,宽城区,1,63.6852000000019,52.1898666666658
1412,宽城区,1,54.4457750000014,50.4117666666678
1430,南关区,1,62.5317750000001,53.9674666666675
1435,朝阳区,1,52.2732000000019,49.6716000000011
1445,宽城区,1,54.4407000000007,50.7828000000004
1468,朝阳区,1,51.083675000001,42.9422666666663
1470,宽城区,1,52.2959000000007,50.0599333333322
1473,南关区,1,64.2755500000014,52.112400000001
1497,净月区,1,71.3253000000016,25.8196999999996
1498,朝阳区,1,47.7548250000019,40.9164333333341
1500,朝阳区,1,47.7422250000004,41.768
1503,朝阳区,2,54.2457750000018,39.1156333333337
1514,宽城区,1,58.0802250000012,49.753299999999
1515,南关区,1,58.2640500000018,49.4024666666656
1517,南关区,1,58.7724250000008,46.0812999999997
1529,宽城区,1,56.5807000000014,50.1014999999991
1531,南关区,1,54.8242500000029,25.6915000000006
1576,经开区,2,81.6559500000018,45.8627000000007
1577,经开区,1,81.6698750000029,49.2431000000006
1603,经开区,1,79.0807750000013,45.8742333333338
1682,绿园区,1,33.109875000001,58.8959333333345
1738,经开区,1,77.4481500000022,28.4591666666666
1744,经开区,1,77.4357750000014,32.5334333333345
1747,经开区,1,76.096800000002,28.6723666666665
1766,经开区,1,74.4774499999998,34.1908666666673
1772,经开区,1,78.160050000001,31.8129000000008
1782,经开区,1,65.9590750000021,35.1404000000007
1787,经开区,2,70.8537250000028,35.2156666666659
1788,经开区,1,71.6493749999998,35.2255999999992
1789,经开区,2,72.4213250000005,35.2376333333335
1790,经开区,1,72.9780000000027,35.2271000000002
1791,经开区,2,73.6367750000007,35.2198333333339
1793,经开区,1,75.2821000000026,35.2797333333328
1795,经开区,1,75.9846750000008,35.2907333333334
1797,净月区,1,75.8708500000012,26.4969666666678
1858,南关区,1,54.9101500000013,24.6344333333326
1864,宽城区,2,57.7762000000028,63.5007000000011
1865,宽城区,1,58.8382000000003,65.0848666666661
1866,宽城区,1,58.215275000002,65.8960666666673
1870,宽城区,3,57.0847749999999,68.7143000000011
1875,绿园区,1,48.9876250000023,50.1296999999994
1877,绿园区,1,48.7208250000002,50.2348000000007
1878,绿园区,1,48.6773750000005,50.2447333333341
1879,宽城区,1,58.6900999999997,52.1814666666671
1883,宽城区,1,58.766225000003,50.5485000000003
1916,净月区,1,64.6883750000029,23.6298333333333
1917,净月区,1,70.5875250000005,23.5865666666678
1920,净月区,2,69.5455500000008,25.3097666666662
1921,净月区,1,68.8037500000007,25.3033333333335
1923,净月区,1,67.0919249999997,25.2723333333336
1925,净月区,1,65.9115750000012,25.269533333334
1927,净月区,1,64.6593750000015,25.2470666666677
1935,净月区,1,65.8818250000017,26.9414999999995
1939,净月区,1,68.5159000000013,26.9598000000002
1941,南关区,1,62.7789249999999,27.0041333333329
1946,净月区,1,71.4957500000004,24.4043666666656
1948,南关区,1,63.4741000000005,27.0455333333336
1952,净月区,4,63.2815250000007,21.9485666666657
1954,净月区,1,66.3460499999999,22.8351333333331
1960,净月区,1,64.7166500000012,20.9632666666669
1981,南关区,1,60.6524250000007,21.9453999999999
1985,经开区,2,65.9495500000027,36.030199999999
1986,经开区,1,65.976175000003,34.1448
1987,经开区,1,65.9948999999998,33.0851999999998
1989,经开区,3,66.0120500000012,31.8422333333335
1991,净月区,1,67.104650000001,24.4673999999989
1992,净月区,1,66.3167250000001,24.4568333333343
2004,净月区,1,64.6954500000021,26.3171333333337
2005,净月区,1,69.8473499999999,24.2256666666663
2008,净月区,4,64.773050000003,20.9596
2013,经开区,1,64.6219250000009,31.2990666666669
2026,南关区,1,64.4519500000023,41.3134666666674
2069,净月区,1,83.8754750000028,10.7428333333341
2084,净月区,1,81.1820250000004,8.90500000000098
2085,净月区,2,79.6530750000031,9.17510000000021
2089,净月区,1,78.8454500000029,5.73426666666658
2092,净月区,1,78.8208000000026,3.94359999999949
2094,净月区,1,81.2151750000005,12.0238333333328
2109,净月区,1,82.885000000001,11.7750666666675
2114,净月区,1,82.3905500000031,14.4592333333335
2117,净月区,2,84.99415,15.2020333333335
2128,净月区,1,83.8602250000022,17.694800000001
2137,净月区,1,80.7711500000004,14.0695666666678
2138,净月区,2,83.1716,13.0112000000011
2141,净月区,4,83.7771500000031,13.6350666666658
2150,净月区,1,78.9641000000003,11.9222000000008
2151,净月区,1,77.7731500000023,12.4289000000009
2170,经开区,1,74.596875000001,28.5143999999988
2176,净月区,1,74.9124000000023,27.2586333333322
2183,净月区,1,73.3792250000001,16.3879999999992
2191,净月区,2,81.1625500000019,7.71610000000086
2198,净月区,3,73.6509500000011,17.9134666666675
2199,净月区,1,73.4438750000024,16.8500999999992
2201,净月区,1,70.9766250000001,27.1169666666656
2202,经开区,1,74.4657250000032,27.1702666666656
2205,经开区,1,67.6672000000025,31.0683666666662
2214,净月区,1,88.3096999999999,18.5080666666669
2216,净月区,3,87.0916749999999,18.5070666666671
2217,净月区,1,89.3678750000007,18.5671999999997
2218,净月区,2,89.7593250000028,18.7736666666657
2219,净月区,1,92.5832250000021,19.5760000000007
2220,净月区,1,92.8478500000018,19.5577666666675
2221,经开区,2,66.6661750000017,37.3752666666671
2222,经开区,1,66.6801499999998,36.6518666666664
2223,经开区,1,66.6869250000026,36.0269666666658
2224,经开区,1,66.7137750000002,34.1579666666666
2244,南关区,1,60.4234500000018,32.9596333333342
2245,南关区,1,62.695025,32.9963000000006
2253,经开区,2,68.8397250000001,37.4178666666675
2262,经开区,1,72.1340250000004,32.4489999999997
2263,经开区,1,70.8926500000011,32.4315666666664
2266,经开区,1,66.5450249999999,29.2863000000002
2270,净月区,1,69.4733500000027,27.9931999999998
2279,经开区,1,68.5639500000015,29.6174666666668
2292,经开区,1,68.5727250000028,28.7973666666659
2298,二道区,3,71.7775500000002,38.4864333333326
2306,二道区,1,67.6040499999999,38.428066666666
2311,经开区,3,74.4926250000013,33.2128333333325
2312,经开区,2,74.4933250000024,33.1667666666675
2313,经开区,1,74.51425,31.7605333333333
2315,南关区,3,62.9566500000003,42.5256
2316,南关区,1,63.2429250000008,39.6114333333344
2320,南关区,1,63.9867750000001,36.3197666666674
2336,二道区,5,71.7061500000007,39.6995666666674
2337,二道区,3,73.7183250000015,39.6738666666678
2342,经开区,1,81.7783750000025,40.7525000000012
2343,经开区,1,74.5749500000024,40.8497000000002
2344,经开区,2,74.586625000002,39.7255999999994
2349,二道区,1,65.3137250000029,40.8183999999991
2350,二道区,2,66.3929500000009,40.8256333333341
2351,二道区,3,66.7319749999997,40.829566666666
2354,二道区,1,68.7898250000032,40.8690333333344
2355,二道区,2,69.604475000002,40.8746666666673
2356,二道区,1,70.0418250000006,40.8842333333344
2357,二道区,1,70.7639499999999,40.8853666666668
2358,二道区,1,71.8107500000009,40.905566666666
2359,经开区,1,74.2147000000024,39.7219000000012
2364,经开区,1,75.0011500000021,39.7296999999999
2368,二道区,1,73.7191500000023,39.7196000000003
2375,经开区,1,73.7383750000014,43.323066666666
2376,二道区,2,73.7030500000024,41.2034666666656
2386,二道区,1,66.5039749999998,44.316466666667
2392,二道区,1,70.7866000000017,39.6886666666655
2393,二道区,1,70.0598750000019,39.685466666666
2395,二道区,1,69.344700000002,39.6760333333338
2396,二道区,1,68.8018499999998,39.6704000000009
2402,二道区,1,66.4053500000001,39.634066666667
2403,二道区,1,65.324375000003,39.6197666666656
2408,二道区,3,66.4160250000023,38.9646666666674
2409,二道区,2,66.4005250000024,40.0969666666668
2410,二道区,2,66.3671250000029,42.0316666666665
2415,二道区,2,68.7679500000016,42.054233333334
2416,二道区,1,70.0269250000005,42.0775333333339
2417,二道区,1,70.7508750000017,42.0838000000003
2418,二道区,2,71.9082000000029,42.092399999999
2419,二道区,2,65.2963750000026,42.0076999999992
2425,二道区,2,70.040800000001,41.6704666666661
2426,二道区,1,70.7572499999998,41.6786666666672
2430,二道区,2,69.7012000000008,39.0029666666673
2434,二道区,1,68.5899499999998,38.707300000001
2436,二道区,1,68.5777750000014,38.9968333333333
2441,二道区,1,69.0089,38.9954666666673
2445,二道区,1,70.06625,39.0149999999991
2448,二道区,2,71.6688500000018,39.048800000001
2465,二道区,1,72.1586250000001,44.9293666666672
2467,二道区,2,71.3836500000014,44.9154666666658
2469,二道区,1,70.7152250000007,44.9091000000005
2470,二道区,3,69.9772000000003,44.9022333333341
2471,二道区,2,69.375400000002,44.8992333333322
2472,二道区,1,67.4739250000016,44.8678999999999
2473,二道区,1,67.3589000000021,44.8661999999989
2482,南关区,1,62.7976250000017,46.3947333333342
2483,南关区,1,63.1605750000013,46.5120666666673
2486,经开区,1,74.6742250000025,43.3118666666677
2493,南关区,1,63.0021250000006,48.3744333333339
2510,南关区,1,61.0848250000018,43.1125666666669
2515,二道区,1,65.0789000000032,44.8199666666677
2518,南关区,1,63.5218250000023,48.3601333333326
2525,南关区,1,62.2121750000026,48.2646000000007
2530,南关区,1,62.756150000002,45.3324666666669
2534,南关区,1,63.1023500000012,44.9782666666678
2539,经开区,1,65.311150000003,37.8712666666677
2540,南关区,1,60.5430000000027,42.6029333333323
2543,南关区,1,62.3424500000027,47.7530000000002
2550,二道区,1,67.4824000000029,46.9835333333322
2555,二道区,1,69.9376250000015,48.2869333333322
2556,二道区,2,69.936975000001,47.524833333334
2557,二道区,1,69.9433750000011,47.0137000000008
2558,二道区,1,69.9437000000032,46.9879333333338
2559,二道区,1,70.688275000002,46.4672666666672
2561,二道区,2,67.3454250000027,45.9048333333338
2563,二道区,1,66.4843250000011,45.891566666666
2569,南关区,2,63.8430000000021,46.9195333333327
2572,二道区,1,66.8902250000016,43.2111999999994
2574,二道区,1,69.3066000000009,48.2305999999989
2586,南关区,1,62.1154500000003,44.1611666666664
2591,二道区,1,74.7640000000018,49.863466666667
2592,二道区,2,71.8781250000014,48.4552666666668
2596,二道区,1,66.4682000000028,46.944666666666
2600,经开区,1,72.2525500000018,33.138466666666
2668,汽开区,1,26.6536250000016,33.7383000000007
2676,南关区,3,60.3469500000031,28.7627666666666
2678,长春新区(高新),1,47.7668000000016,24.9119666666668
2695,南关区,4,60.3669750000009,30.3047666666672
2699,朝阳区,2,48.8249750000023,31.1371333333336
2700,汽开区,1,33.9430250000028,37.7427000000002
2702,汽开区,1,34.9032750000013,38.0936999999998
2706,汽开区,1,36.2623000000006,35.6748999999989
2709,汽开区,1,35.2627750000032,37.1154
2712,汽开区,1,31.6450750000001,34.7674666666672
2713,汽开区,2,32.1662750000016,37.6583666666666
2723,绿园区,1,20.6950750000026,36.8072000000008
2724,绿园区,1,20.7997000000013,36.4003333333329
2725,汽开区,1,21.1286500000014,35.0673666666665
2726,汽开区,1,21.3011750000014,33.9807999999996
2774,长春新区(高新),1,35.0966000000028,25.6947999999989
2777,长春新区(高新),1,29.8043500000027,18.9596333333337
2782,汽开区,1,23.3762750000004,25.5749333333336
2788,汽开区,1,25.1722250000022,25.3792999999997
2789,汽开区,1,24.513350000003,22.5381333333322
2792,汽开区,1,21.6105249999998,25.2403666666676
2807,汽开区,1,29.4282750000008,27.2252333333327
2808,汽开区,1,29.5380000000023,27.7445333333333
2812,汽开区,1,25.3013250000009,25.7537000000004
2814,长春新区(高新),1,35.5034250000017,26.1554666666678
2834,长春新区(高新),1,36.4810500000026,22.0527999999997
2855,汽开区,1,25.2197750000001,25.3796666666659
2856,长春新区(高新),1,40.952800000003,19.7727333333333
2866,长春新区(高新),1,35.7711750000007,26.4954333333331
2869,长春新区(高新),1,38.8136750000001,29.686333333333
2875,绿园区,2,50.6043250000019,55.9052000000004
2880,宽城区,1,55.7415750000025,55.2017333333339
2884,宽城区,1,55.1941249999999,53.8122999999994
2887,宽城区,1,58.7112750000003,53.8407333333334
2902,绿园区,1,48.6234500000009,45.5441000000008
2903,绿园区,1,48.2893750000031,45.709966666666
2909,朝阳区,1,49.4653000000014,47.1551333333338
2912,朝阳区,1,48.5256000000014,44.4004333333344
2916,绿园区,2,47.3259000000006,44.7146666666664
2917,汽开区,2,46.7143249999999,43.5549333333327
2930,朝阳区,1,47.5189,42.4126999999999
2935,朝阳区,1,49.5141250000017,42.357033333334
2941,绿园区,1,47.2465,43.7387999999999
2942,绿园区,2,48.2580000000006,46.4679666666659
2947,绿园区,1,47.6353250000017,45.3017000000007
2948,朝阳区,2,47.9797250000011,45.1306666666677
2967,长春新区(高新),1,41.2131500000008,17.3178000000007
2991,南关区,1,58.7348250000019,20.5636666666678
3004,汽开区,1,25.1970500000027,29.8699333333327
3015,汽开区,2,25.4530000000024,36.2952666666677
3029,汽开区,3,24.9370249999998,34.2997666666657
3043,净月区,1,71.0100750000002,25.4878333333342
3054,宽城区,2,50.8941250000028,62.4271333333345
3055,宽城区,1,50.3754250000021,62.6762999999997
3056,宽城区,1,49.8090250000018,62.9490333333322
3059,宽城区,3,47.9322500000023,63.8347333333324
3074,宽城区,1,63.1437500000018,49.1434333333345
3093,南关区,1,58.4787500000026,49.9349333333328
3103,南关区,1,60.642725000001,45.6718000000009
3124,南关区,1,58.606600000001,34.7324666666656
3130,南关区,2,57.6283750000002,31.7754000000008
3131,南关区,2,57.6406499999997,30.6707333333331
3138,宽城区,5,52.7596750000008,63.3530666666668
3139,宽城区,1,52.7310000000014,61.8490333333336
3141,绿园区,1,52.6661250000018,58.3232666666665
3146,宽城区,2,58.8845249999999,61.6786000000005
3147,宽城区,1,57.832525000002,61.6616000000008
3150,宽城区,2,56.835600000003,61.6444999999999
3151,宽城区,2,55.5873750000018,61.6226333333335
3152,宽城区,1,54.4463000000022,61.6052999999989
3157,二道区,1,72.8710000000028,53.2475999999988
3166,长春新区(高新),1,37.6575250000002,22.511799999999
3171,长春新区(高新),1,37.1736750000018,21.3124666666668
3177,长春新区(高新),1,38.2202000000014,18.7401333333336
3192,长春新区(高新),1,34.9382000000027,21.6277666666661
3196,长春新区(高新),1,39.3281750000014,22.0284666666662
3228,南关区,2,40.5488750000025,18.7134333333342
3235,长春新区(高新),1,38.2182250000014,23.2240666666665
3241,长春新区(高新),1,39.8067250000018,18.7207000000006
3252,净月区,1,77.1068750000019,10.5954333333334
3263,宽城区,2,45.0757500000023,61.599400000001
3265,宽城区,2,46.9637499999998,61.6237666666658
3292,二道区,1,66.7203250000021,60.8612999999991
3300,二道区,1,67.5927500000029,59.8709666666674
3302,二道区,2,69.8177000000015,57.3441666666668
3303,二道区,1,70.6291750000005,56.0550666666657
3306,二道区,1,67.555875,63.233799999999
3307,二道区,1,68.094900000002,65.200866666667
3316,绿园区,1,45.6837750000005,42.9618333333342
3353,净月区,1,80.6047999999997,26.0093666666658
3380,净月区,1,87.1337250000011,28.0704333333333
3392,净月区,1,87.58585,29.7689666666656
3394,净月区,1,84.7530000000027,24.7632333333338
3412,净月区,1,84.9710500000001,26.4488333333333
3417,净月区,1,86.8945500000002,26.5531666666661
3420,经开区,1,76.8763750000012,28.286199999999
3449,南关区,3,54.2998000000026,25.6842999999994
3461,绿园区,1,45.1930000000012,46.1376666666666
3463,绿园区,1,45.9810249999997,45.739966666666
3465,绿园区,1,46.7494750000022,45.3521666666674
3466,长春新区(高新),1,45.7492250000016,27.541433333333
3470,汽开区,1,41.3532250000017,41.8246000000006
3475,汽开区,1,43.5028000000024,44.2954000000005
3476,绿园区,2,43.5061250000004,46.1122666666659
3478,绿园区,1,43.3483500000023,48.6987999999992
3485,南关区,1,54.3332250000006,24.7821999999995
3488,南关区,1,54.8027500000003,24.7837999999992
3491,汽开区,2,42.2173250000029,44.3050666666665
3495,朝阳区,1,54.0409000000004,31.5607
3497,汽开区,1,42.8982500000004,44.2984666666675
3498,朝阳区,1,50.4802499999997,26.6493333333339
3500,汽开区,1,41.3818500000005,39.0105666666661
3509,净月区,2,77.495625000001,22.5322333333343
3512,净月区,1,78.3860000000018,24.6089666666668
3517,净月区,2,79.3276000000027,25.0384666666671
3519,净月区,2,84.3200750000008,19.4876999999991
3544,绿园区,1,40.0876750000023,44.0297999999994
3545,汽开区,1,40.0894250000015,43.9121333333337
3558,绿园区,1,41.3079750000023,47.9624000000006
3562,南关区,2,57.5734250000011,42.0087333333328
3564,朝阳区,1,55.4180750000022,41.9721333333338
3579,朝阳区,1,47.3875250000013,41.8607999999997
3583,朝阳区,1,46.6484750000014,41.8544999999995
3585,南关区,1,61.5712750000021,35.541666666667
3588,南关区,1,61.1462500000002,33.908599999999
3594,南关区,2,61.5813500000009,34.9806666666671
3597,南关区,1,56.9024500000026,41.9077666666657
3598,南关区,1,56.9181749999999,41.3982333333323
3600,南关区,2,56.9294750000005,40.6020666666673
3603,二道区,3,67.4377000000028,51.135566666666
3608,二道区,2,69.1717000000018,51.1389666666678
3638,朝阳区,1,51.0684500000025,44.1189333333322
3669,南关区,2,59.6537000000019,42.7002333333325
3673,朝阳区,1,52.8309500000006,40.3779000000005
3680,绿园区,1,45.9292750000024,56.6813666666661
3684,绿园区,1,45.7623250000019,53.9460666666661
3688,绿园区,1,45.0267750000002,54.0272333333339
3689,绿园区,4,44.6485750000001,54.0607000000009
3694,朝阳区,1,50.3445500000019,47.7818333333341
3695,绿园区,3,50.8751750000016,47.535600000001
3703,朝阳区,2,51.0214750000024,47.8369999999989
3704,朝阳区,1,50.7474999999999,47.2834333333338
3705,朝阳区,2,50.6200250000006,47.0248000000003
3711,朝阳区,2,50.2198250000028,46.2332333333322
3739,宽城区,3,56.7767250000024,57.1446000000009
3744,宽城区,4,60.6956500000031,57.2468333333328
3745,宽城区,2,62.3385499999998,57.2877999999998
3757,绿园区,1,45.0359250000005,51.9590666666664
3759,绿园区,1,45.0807750000024,53.3356666666668
3769,南关区,1,57.5469250000005,46.7476333333323
3772,南关区,1,56.6448250000029,46.865999999999
3782,绿园区,1,47.9761250000017,57.1458666666658
3783,绿园区,1,49.4106000000016,57.0848000000008
3784,朝阳区,1,52.9178750000021,46.5797
3803,朝阳区,1,52.5141250000019,41.8456666666671
3834,汽开区,1,36.162075,37.7248333333332
3845,汽开区,1,34.8470000000027,36.7352000000002
3864,绿园区,1,42.680500000003,53.0805333333338
3867,绿园区,1,43.5307000000016,58.9420333333332
3876,绿园区,1,49.1569250000019,48.0427333333324
3894,朝阳区,1,53.8318000000011,45.4698333333331
3904,朝阳区,1,55.0497000000014,47.8047000000004
3908,朝阳区,1,51.3291000000002,44.1207999999994
3912,朝阳区,1,51.8334250000017,43.259399999999
3922,绿园区,1,49.351350000002,47.7288666666667
3926,朝阳区,1,50.9097250000004,48.8677
3975,宽城区,1,52.9700250000005,51.8412333333345
3977,宽城区,1,59.4348500000024,52.1887666666672
3980,宽城区,1,59.1122500000019,51.2210999999994
3983,宽城区,1,61.3595000000018,51.7889000000006
3994,经开区,1,79.7740750000031,50.6312999999992
4005,汽开区,1,45.1541000000013,40.6619666666662
4021,汽开区,1,35.3845750000019,41.0640333333324
4025,汽开区,1,38.9982500000023,41.1481000000009
4029,南关区,1,57.5906000000011,41.1340333333333
4031,南关区,1,58.2207750000023,41.1456000000001
4033,南关区,1,58.8908250000024,41.3816333333325
4035,南关区,1,59.7097000000026,41.8139666666662
4038,南关区,1,57.823925000001,45.3630333333332
4039,朝阳区,1,53.3957250000015,41.8552999999993
4041,朝阳区,1,53.4048250000012,41.2909333333336
4056,朝阳区,1,54.0037499999997,40.5636000000011
4058,朝阳区,2,54.0179750000007,39.920766666666
4059,朝阳区,1,54.0408750000019,38.3816999999998
4067,南关区,1,57.5606999999998,42.4827333333345
4071,朝阳区,1,54.6327499999997,40.5757999999992
4072,南关区,2,57.5970500000018,40.6113333333333
4076,朝阳区,1,54.2125500000026,41.5135000000007
4077,朝阳区,1,53.1218500000001,41.4967000000009
4089,南关区,1,59.3056750000009,43.1971333333342
4099,长春新区(高新),1,44.5021500000031,26.6376666666659
4106,长春新区(高新),1,41.5783500000018,25.8273666666658
4113,南关区,2,59.7103750000017,44.1156666666676
4116,南关区,1,58.9989750000015,42.8743333333325
4119,绿园区,1,47.6203250000005,50.2773666666675
4122,绿园区,1,47.2379000000025,49.5137999999997
4126,绿园区,1,46.7152500000019,48.499866666667
4132,绿园区,1,48.2723000000007,48.3557333333333
4136,绿园区,3,47.2840500000018,46.3869666666668
4139,朝阳区,2,54.6541500000011,35.9116999999998
4161,经开区,1,67.4791500000005,36.0320999999999
4166,朝阳区,1,47.5870250000021,37.8566000000002
4167,朝阳区,1,47.911225,37.7209666666663
4168,朝阳区,2,48.0981000000007,37.4909666666667
4171,朝阳区,2,40.6290499999997,32.6939999999993
4173,朝阳区,2,41.4979250000016,34.102266666667
4211,宽城区,1,53.679650000003,51.8771666666661
4218,宽城区,1,52.994475000002,50.048799999999
4222,汽开区,1,42.7346499999999,36.6152666666674
4225,朝阳区,3,46.402650000001,35.6004333333336
4226,朝阳区,1,46.1436749999997,35.3619666666655
4228,朝阳区,1,45.0705000000013,34.3678666666657
4231,朝阳区,1,46.3965750000028,34.584
4233,朝阳区,1,44.812075000003,34.6165000000009
4234,朝阳区,1,42.7346250000014,36.1720000000005
4235,朝阳区,1,44.5529499999999,34.3774666666666
4236,朝阳区,1,44.1975499999998,37.7075666666661
4245,朝阳区,1,43.7713500000001,35.1448
4246,朝阳区,1,44.2613500000029,35.7292333333324
4247,朝阳区,1,43.9243750000031,36.0539666666663
4248,朝阳区,1,43.6184750000024,36.3459999999994
4249,朝阳区,2,45.0081250000025,36.9600333333343
4257,绿园区,1,29.5000999999999,38.9057999999996
4260,宽城区,3,63.7890250000019,59.6348999999989
4270,朝阳区,1,45.1946250000006,38.7122333333328
4280,朝阳区,2,45.8674250000009,38.561199999999
4285,朝阳区,1,46.8784500000012,40.0974333333342
4288,汽开区,1,46.4880500000007,39.7312333333323
4291,朝阳区,1,46.7276000000005,40.713399999999
4293,朝阳区,1,46.5588750000023,38.4077333333342
4305,绿园区,1,33.8008500000022,53.0029333333341
4353,净月区,1,86.5423249999999,16.7143333333328
4358,朝阳区,1,53.2751000000005,46.5955666666673
4372,汽开区,1,18.6613000000015,35.7876666666665
4452,净月区,1,80.0565500000019,23.1174333333328
4485,朝阳区,1,54.6283750000001,37.7427666666677
4490,朝阳区,2,54.7448750000008,30.6765666666659
4495,绿园区,1,47.9924250000003,48.798233333334
4500,汽开区,1,36.0382000000001,41.1072666666665
4508,宽城区,1,61.5805500000022,50.2649333333333
4513,南关区,1,60.9208750000008,48.2743999999992
4517,净月区,1,86.8214000000016,15.8946333333342
4523,宽城区,1,49.2182999999997,61.7854666666678
4525,宽城区,1,51.2362500000023,61.5167999999997
4534,净月区,1,67.9923750000029,7.43949999999908
4558,二道区,1,67.3854750000018,60.2600333333333
4608,宽城区,1,55.4010250000019,68.5569333333334
4616,宽城区,2,55.8619250000021,72.2580999999991
4621,绿园区,1,29.3716500000016,50.8943999999995
4627,二道区,1,68.9498750000013,60.9346666666658
4629,二道区,2,68.4272500000027,60.7818999999997
4648,二道区,2,72.7633250000004,56.0575333333328
4707,净月区,1,67.8197750000003,19.4896
4709,净月区,1,67.948825000002,11.1125000000006
4726,净月区,1,71.3352750000027,17.9609999999997
4770,净月区,1,71.0754750000007,16.8624666666659
4771,净月区,2,72.4732500000016,16.8626999999996
4776,净月区,1,81.126225000002,5.69366666666582
4789,净月区,1,71.2481250000003,11.1553333333324
4796,净月区,1,71.0353500000025,22.4060666666664
4799,净月区,1,68.1346250000026,22.1721666666663
4816,南关区,1,43.3112000000016,17.3753666666675
4837,净月区,1,84.7054500000013,18.1597333333343
4840,净月区,1,85.8044500000013,8.68103333333418
4841,净月区,1,85.6589750000012,8.86373333333287
4853,净月区,1,86.25215,17.290433333334
4854,净月区,1,75.1289499999999,26.1615333333343
4856,净月区,2,81.6052500000026,23.5711000000004
4859,宽城区,1,63.0635000000019,49.2056000000005
4866,南关区,1,62.323475000003,47.9774999999994
4867,绿园区,1,31.2792500000008,53.1062666666671
4876,绿园区,1,33.5746750000006,51.0358000000011
4877,绿园区,1,33.1097500000013,50.3987
4881,绿园区,4,35.6772250000006,49.9512000000001
4885,南关区,1,63.5443000000002,37.825433333334
4886,南关区,2,63.4361749999997,39.3011333333343
4904,经开区,1,84.0987250000005,42.4768000000005
4907,经开区,3,82.5824250000018,42.4795666666663
4908,经开区,1,81.1948999999999,41.7677666666663
4909,经开区,1,81.1663000000031,41.7504333333341
4912,经开区,1,80.1806500000026,41.2629333333333
4926,经开区,3,78.9617000000007,44.7144666666664
4929,经开区,1,78.9666750000002,47.1113333333335
5020,宽城区,1,52.9812249999999,66.0426999999994
5023,宽城区,2,52.8055500000022,66.0088000000011
5024,宽城区,2,51.5151250000017,65.823633333333
5025,宽城区,1,50.5786500000021,65.6617666666672
5531,净月区,3,86.0796000000015,6.21953333333399
5539,净月区,1,81.1257750000003,5.65220000000011
5557,宽城区,1,62.4219250000024,48.7643333333333
5568,二道区,4,68.4718000000011,54.6673666666659
5581,宽城区,1,59.4419250000016,54.5398999999994
5590,宽城区,1,62.2207500000016,56.2510999999996
5591,宽城区,1,62.1043000000014,56.2158333333329
5597,南关区,1,62.2108750000017,35.9542333333328
5606,汽开区,2,45.4006749999998,41.1244000000011
5607,汽开区,1,43.0988000000028,43.3480333333331
5631,南关区,1,49.7685500000031,15.2626333333335
5652,长春新区(高新),1,33.8226500000012,9.30096666666695
5657,长春新区(高新),2,33.8399000000003,14.6836666666677
5664,南关区,2,48.9959500000019,11.9722999999989
5724,长春新区(高新),1,33.8779500000008,13.7877666666668
5791,长春新区(高新),1,35.5694500000006,9.30200000000052
5792,长春新区(高新),1,35.5694750000026,9.256933333333
5835,长春新区(高新),1,31.6366500000029,7.8454333333345
5836,长春新区(高新),1,31.6345250000012,9.25213333333375
5837,长春新区(高新),1,32.960825,6.69026666666639
5839,长春新区(高新),1,32.9697750000015,9.25726666666549
5853,长春新区(高新),1,39.0764000000026,9.28143333333272
5854,长春新区(高新),3,40.2581750000017,7.84693333333308
5855,长春新区(高新),1,40.7417750000008,6.65126666666775
5911,长春新区(高新),1,33.7545250000026,15.7529000000001
5929,长春新区(高新),1,32.2181750000006,15.7904000000002
5968,长春新区(高新),1,31.5556500000014,12.3301666666672
5975,长春新区(高新),1,39.3746750000013,11.9542666666656
5976,长春新区(高新),1,31.4653250000028,12.3951666666666
5977,长春新区(高新),1,40.5496000000021,11.8850666666669
5980,长春新区(高新),1,40.5530499999998,14.7234333333325
6009,南关区,1,47.236875000003,15.8812666666677
6019,南关区,2,48.1988000000015,17.3892666666665
6020,南关区,1,48.2516000000004,17.5689333333343
6054,南关区,1,52.7054500000013,13.7661333333341
6088,南关区,1,57.8802750000023,20.5472666666656
6098,南关区,1,51.5869000000002,22.0090333333332
6109,长春新区(高新),1,35.0821500000009,27.4916333333337
6157,绿园区,1,52.6264750000003,57.4231000000012
6179,宽城区,1,63.3871750000026,59.6316666666657
6180,宽城区,1,63.6183000000017,54.6870666666663
6195,宽城区,2,55.1676250000028,58.8545333333338
6196,宽城区,2,55.2545250000023,59.1920333333344
6200,宽城区,2,48.7425750000021,64.1907666666673
6204,宽城区,1,50.4111750000007,64.1425666666677
6206,宽城区,2,50.1138500000025,63.5532333333326
6207,宽城区,1,49.4702250000003,63.8524666666669
6208,宽城区,4,50.6514000000031,64.6186999999993
6209,宽城区,1,50.0085749999997,64.9147999999992
6216,宽城区,1,48.862475,62.6478333333343
6251,二道区,1,69.4160250000024,64.6737666666676
6281,二道区,1,69.5748500000022,61.7726666666674
6302,宽城区,1,62.2369250000006,56.2021000000001
6303,宽城区,2,62.1493500000021,59.6339666666665
6305,宽城区,1,61.3559250000009,63.4500333333345
6312,二道区,2,67.3702250000012,56.0258333333342
6313,二道区,2,68.4593250000027,56.0377666666672
6316,二道区,1,72.9719000000024,54.9681666666662
6350,长春新区(高新),1,41.5461750000006,22.7256333333325
6393,宽城区,1,45.4609250000004,59.4307000000001
6397,宽城区,1,47.0512999999997,67.4732333333334
6423,净月区,1,73.3625250000003,15.7764666666675
6427,汽开区,1,40.9751250000028,43.9124666666662
6460,汽开区,1,31.0704500000014,32.2873000000001
6464,绿园区,1,29.1495500000032,41.121733333334
6472,南关区,2,58.9524250000011,42.3099666666668
6473,南关区,1,59.3757000000004,41.9446000000008
6498,朝阳区,1,54.6083500000023,41.8731666666664
6501,南关区,1,58.207000000003,41.9382666666669
6502,南关区,1,58.3087750000004,41.9889333333335
6504,南关区,1,54.8698500000029,27.6121333333326
6505,朝阳区,2,54.8281750000008,30.6741666666663
6506,朝阳区,1,54.7960000000032,32.6791999999993
6507,朝阳区,1,54.7830500000011,33.2426333333326
6508,朝阳区,1,54.7337750000025,35.7072666666672
6510,朝阳区,2,54.6937000000014,37.7452999999998
6519,朝阳区,1,57.5874250000013,41.402699999999
6568,南关区,1,58.9890750000031,30.008700000001
6594,宽城区,1,58.677375000002,56.0439000000012
6597,宽城区,2,61.1316750000022,56.0989666666671
6603,宽城区,1,57.8847750000016,60.0385333333335
6605,宽城区,1,57.7877000000022,63.1253000000006
6610,宽城区,2,57.7934500000019,58.5994999999997
6611,宽城区,1,57.8356500000012,56.9212666666677
6612,宽城区,1,57.7072250000015,64.6829000000011
6634,南关区,1,59.1321250000014,36.2338333333341
6636,南关区,1,60.3439250000015,40.8019666666656
6656,南关区,1,57.7267750000026,30.4569333333333
6662,南关区,1,57.7348999999998,31.7361333333324
6666,南关区,2,57.9936500000002,28.5957666666666
6671,南关区,2,58.1965500000017,28.1643999999991
6693,南关区,1,62.5610000000023,37.2896333333325
6695,南关区,1,60.7432250000031,43.4316000000005
6707,宽城区,1,53.3102750000012,52.2735666666658
6710,宽城区,1,57.2449000000006,52.1210666666671
6711,宽城区,1,55.4938000000007,51.5420666666676
6720,宽城区,1,51.3768750000025,49.6734333333322
6724,绿园区,1,48.9815250000021,50.0998000000005
6727,宽城区,1,54.4471500000014,54.7743000000007
6744,宽城区,1,52.2783250000032,50.7354666666657
6758,朝阳区,1,54.8416250000017,46.0503666666673
6774,朝阳区,1,47.4122500000007,35.6860000000007
6775,朝阳区,1,45.6021,36.3810666666661
6781,朝阳区,1,44.5978500000024,37.3548999999992
6789,南关区,2,58.7534250000026,41.620633333333
6791,南关区,1,61.5506500000009,39.7166666666659
6797,南关区,1,57.0071250000019,33.2623333333331
6805,朝阳区,1,54.0661,36.9081999999992
6816,南关区,3,51.0969250000031,17.0131666666672
6818,南关区,1,51.0989000000031,16.467400000001
6819,南关区,1,51.1010250000012,15.8764666666661
6840,南关区,1,48.2281499999999,12.8698333333332
6846,南关区,1,48.2137750000007,16.4809000000001
6849,南关区,1,51.0837500000001,19.6203333333334
6850,南关区,1,43.3000000000021,18.099833333333
6852,南关区,1,45.6605250000024,18.1012333333328
6856,南关区,2,45.6724000000008,14.7132000000004
6864,南关区,1,44.8462999999997,14.7126000000005
6880,南关区,1,61.3857750000015,46.4187666666665
6891,宽城区,1,57.3097500000017,48.3031666666657
6899,南关区,1,59.4631999999997,46.3278666666677
6900,南关区,1,60.3010750000017,44.470233333333
6913,南关区,1,59.5188000000029,50.2008333333327
6930,二道区,1,67.2951500000032,46.9807333333326
6934,二道区,2,67.3522500000026,45.3791999999993
6942,绿园区,1,49.7959750000021,49.2986333333339
6945,南关区,1,60.6500000000025,48.6851000000002
6947,南关区,1,59.7914250000002,48.3651666666655
6967,朝阳区,1,49.184125,45.642966666667
6970,朝阳区,1,53.6918499999999,30.6776333333332
6975,南关区,1,61.5054000000015,29.5918666666661
6979,朝阳区,1,42.4397499999998,33.8837666666668
6980,南关区,1,60.721375,45.752033333334
6981,朝阳区,1,43.3605999999998,34.7420333333327
6984,朝阳区,1,47.5803750000026,38.7517333333326
6990,南关区,1,61.4991750000016,46.5357333333335
6991,南关区,1,60.7565500000007,44.975066666666
6992,朝阳区,1,48.2475250000007,41.7754000000012
6993,朝阳区,1,48.2624999999999,41.0225333333329
7002,南关区,1,61.6942250000001,46.1455333333329
7006,长春新区(高新),2,45.3785500000024,26.1163666666657
7007,朝阳区,1,46.5578999999998,36.5181666666672
7023,经开区,1,71.680875000002,33.1753000000011
7038,净月区,1,68.071775,27.0029333333331
7041,净月区,2,67.1809250000024,20.1743000000008
7047,净月区,1,65.3883000000022,18.3269000000005
7054,净月区,1,66.8702000000003,18.6064666666657
7056,净月区,1,64.7840500000001,20.1577999999998
7059,南关区,1,56.4096000000021,26.8910333333328
7084,汽开区,1,41.1263500000025,37.3485000000002
7087,朝阳区,1,45.9324250000002,28.1051666666675
7101,汽开区,1,33.289025000002,32.4746000000005
7114,长春新区(高新),1,42.4477500000009,16.1293000000005
7128,汽开区,1,41.3784000000028,39.1499000000006
7129,汽开区,1,41.328250000003,40.6662666666667
7141,二道区,1,67.2753500000027,57.6533333333344
7145,经开区,1,67.615625000002,37.083499999999
7150,二道区,2,65.2793250000023,41.2132666666665
7151,二道区,1,65.320775,40.0240333333339
7154,经开区,1,64.922475000003,30.5871000000006
7155,经开区,1,65.7277000000001,30.6521666666673
7165,南关区,1,62.5957499999998,29.4835000000001
7168,朝阳区,1,42.838175,33.3641333333337
7181,绿园区,1,46.6594499999999,55.2391666666665
7182,绿园区,1,48.8098500000014,55.0587333333326
7186,绿园区,1,49.8843250000007,57.0221333333336
7189,绿园区,1,46.6631750000026,55.3124666666657
7192,绿园区,1,45.4479499999998,55.3708333333323
7193,绿园区,1,45.133100000001,55.386666666666
7205,绿园区,1,46.9924000000006,51.0341000000002
7210,绿园区,1,47.846425000003,49.2241333333325
7214,绿园区,1,47.2841750000015,48.825166666667
7223,绿园区,1,47.6507000000019,48.6470000000002
7229,绿园区,1,46.1358500000024,45.2151666666675
7230,绿园区,1,45.789825,45.3856000000007
7236,汽开区,1,43.4689250000027,42.0497333333335
7238,汽开区,1,43.5486750000003,42.360566666666
7239,汽开区,1,43.2535250000008,39.0509666666669
7241,宽城区,1,49.7928250000008,61.5132999999991
7242,二道区,1,66.8973000000008,38.9659000000009
7244,二道区,1,65.0982249999998,43.3961000000001
7246,朝阳区,1,49.0983000000007,30.4962666666668
7250,南关区,1,61.8929750000028,43.7793666666669
7256,经开区,2,75.9112250000023,40.9702666666666
7257,经开区,1,75.8870000000016,42.251233333334
7258,经开区,1,75.8831750000013,42.8952666666665
7297,二道区,1,70.7783000000006,40.0877666666659
7298,二道区,1,70.7267750000007,43.2740666666665
7335,经开区,3,82.5659999999999,41.1420999999995
7336,经开区,1,83.8426250000026,41.3955666666676
7337,经开区,1,81.9391250000017,43.6205000000006
7356,经开区,1,80.9418500000021,42.1471999999999
7369,经开区,1,82.9684999999998,44.0117999999998
7384,二道区,1,68.4229250000001,57.8150999999991
7386,二道区,3,69.3327250000024,58.4466666666662
7388,二道区,3,67.3515500000015,58.3381000000003
7399,二道区,1,67.3490250000022,57.0661666666676
7400,二道区,2,68.4422250000019,57.0860333333343
7405,二道区,1,67.2822500000017,55.1066333333334
7417,宽城区,1,65.5929750000013,66.0098999999998
7426,净月区,2,72.2762500000016,15.7871333333333
7439,南关区,1,53.0813750000014,13.7650333333331
7469,南关区,1,50.4208000000013,12.8934666666657
7476,南关区,2,53.6621250000025,15.2986333333326
7477,南关区,1,53.7026249999997,13.7664666666666
7487,净月区,1,81.8186500000024,17.2773000000011
7489,净月区,3,83.868325000001,17.6428333333334
7490,宽城区,1,59.9396500000005,54.6320333333341
7503,宽城区,1,54.1480750000005,55.9444666666664
7511,绿园区,1,44.9191750000004,57.2982666666656
7552,二道区,1,67.4701500000019,46.6659666666658
7553,二道区,1,67.4924500000032,47.3032666666668
7554,二道区,1,67.4995000000003,47.5269333333325
7561,宽城区,1,46.8050250000012,60.7919000000005
7562,宽城区,1,46.7930750000001,60.4465
7571,绿园区,1,46.3971250000022,53.2356333333344
7572,宽城区,1,47.1488999999998,65.7263333333328
7590,经开区,1,75.9644750000028,42.2519666666664
7628,长春新区(高新),1,37.2771500000013,5.23866666666587
7636,二道区,1,70.7208500000007,44.3675333333336
7638,二道区,2,68.7515750000003,44.3460333333334
7639,二道区,1,69.9966250000017,43.3384666666659
7644,二道区,1,68.7953750000006,40.0881999999996
7656,净月区,1,81.6700750000017,23.4271666666667
7659,净月区,1,82.0619250000014,22.2562666666661
7681,朝阳区,1,44.314700000001,33.793333333333
7685,朝阳区,1,43.3965750000027,34.7038999999991
7686,朝阳区,1,43.1981750000006,34.0987333333326
7687,朝阳区,1,42.9797250000021,34.3153999999994
7689,朝阳区,1,43.6957000000007,34.0956333333343
7705,宽城区,1,45.5619750000018,62.8776333333339
7711,宽城区,1,45.0783250000022,60.6239999999995
7721,绿园区,1,44.6734500000012,56.3223666666678
7728,宽城区,1,55.0707000000017,57.3940333333335
7729,宽城区,1,53.751400000003,56.5925666666658
7730,宽城区,1,55.5765250000029,62.0662666666666
7731,宽城区,1,56.7463250000024,58.5680000000011
7732,宽城区,1,56.5189000000004,58.5661333333339
7733,宽城区,1,56.5138000000012,59.1035666666665
7734,宽城区,1,56.5099750000009,59.5065999999989
7736,宽城区,1,60.6928000000018,57.8454999999991
7737,宽城区,3,58.8619750000028,62.6176333333343
7739,宽城区,3,60.0000500000029,65.3389999999992
7740,宽城区,1,59.8169000000013,60.1708666666667
7743,汽开区,1,40.6849999999999,40.1294666666677
7753,汽开区,1,41.811525,40.4219333333344
7754,汽开区,1,42.1392249999997,39.9762333333342
7761,汽开区,1,23.3753750000005,34.4997000000002
7762,汽开区,1,23.2748250000014,35.6753666666663
7795,汽开区,1,21.4123750000006,28.6306666666671
7813,汽开区,1,20.4896750000003,27.6387333333332
7839,汽开区,1,22.6315250000013,27.2570000000011
7840,汽开区,1,22.4206500000008,27.5933333333332
7841,汽开区,1,25.3847750000027,26.7692333333329
7848,汽开区,1,30.6038750000006,29.4685333333338
7882,汽开区,3,24.2335000000011,34.0258333333334
7903,汽开区,1,37.7407000000005,37.6834666666663
7904,汽开区,1,37.1062250000023,37.2418666666666
7905,汽开区,1,36.3036250000022,36.6935999999996
7909,汽开区,1,33.1421000000027,34.6151999999999
7910,汽开区,1,33.0736750000007,34.579766666667
7922,汽开区,1,28.4414250000005,27.2221999999995
7926,绿园区,1,34.3368500000025,42.0491333333336
7928,汽开区,1,36.033175,41.841833333334
7933,绿园区,1,33.3501500000004,42.0534999999992
7937,绿园区,1,33.8294250000004,43.375300000001
7940,绿园区,2,35.2744000000023,46.5196666666662
7950,绿园区,3,39.6792000000019,47.0929999999991
7951,绿园区,1,39.3948500000008,47.0944333333326
7952,绿园区,1,37.8057750000025,47.0810333333323
7955,绿园区,1,39.6547500000004,48.6355333333345
7966,绿园区,1,39.8492250000011,52.0635000000003
7968,绿园区,2,43.9822000000021,52.4592666666663
7969,绿园区,1,43.3165750000022,51.1008000000004
7972,绿园区,2,44.2810750000007,52.3171999999998
7973,绿园区,1,41.2167500000002,53.5326666666668
7975,绿园区,1,34.0849750000025,50.0555333333329
8023,宽城区,3,53.330950000003,67.466566666667
8086,二道区,1,66.8873249999997,46.2059333333329
8087,南关区,2,60.5949750000008,42.3039000000003
8100,二道区,1,73.7076999999999,40.8372999999997
8103,长春新区(高新),1,34.5691500000029,27.8165666666676
8111,绿园区,1,42.1854250000031,50.1145666666668
8115,绿园区,1,41.5138250000027,49.9908333333323
8118,朝阳区,1,45.1616750000028,37.8930333333329
8125,南关区,1,63.1410250000002,51.3104999999996
8126,宽城区,4,63.1345000000003,51.1726999999998
8131,绿园区,1,24.7314250000024,45.8987666666673
8175,长春新区(高新),1,29.8839000000015,11.9147666666658
8178,绿园区,3,39.8331499999998,53.5189000000003
8207,宽城区,1,63.2919250000015,63.889966666667
8248,绿园区,1,46.4811249999997,53.2309666666677
8282,南关区,1,61.6529500000027,42.0654666666659
8283,南关区,1,62.3258750000026,37.386499999999
8284,南关区,2,62.548275000001,29.4454666666676
8292,汽开区,1,30.6217000000011,28.3105999999999
8295,汽开区,1,27.7808999999998,23.8275666666657
8298,南关区,1,61.2394500000022,37.3704999999992
8304,绿园区,1,46.5741250000029,54.2356000000008
8342,宽城区,1,55.1972250000006,60.1808999999989
8416,绿园区,1,28.543925000001,38.4000000000005
8435,汽开区,1,26.448000000002,36.7843999999996
8441,南关区,1,47.3863250000015,18.6993333333329
8443,南关区,1,47.2547500000005,13.774699999999
8457,南关区,2,47.2507250000014,19.1662666666659
8484,净月区,1,86.1134000000021,2.66500000000036
8485,净月区,1,83.9439000000013,2.73006666666712
8486,净月区,1,83.8943000000008,2.73956666666682
8489,净月区,2,83.9250250000028,4.11146666666677
8494,净月区,1,64.3114500000017,18.3743333333339
8498,经开区,1,67.6237000000022,28.8861333333325
8523,二道区,2,67.7532750000012,43.1406666666661
8531,二道区,2,67.5542750000027,41.2222
8532,二道区,1,67.4323250000022,40.6522333333328
8535,二道区,1,74.9701750000007,43.3606666666672
8538,经开区,1,78.5453250000003,30.4882333333344
8613,汽开区,1,29.7051500000016,28.7830666666669
8669,净月区,1,85.2386500000009,23.5687333333322
8673,净月区,1,84.6771250000025,21.8512666666679
8679,净月区,1,85.6097250000012,24.1956000000011
8690,宽城区,1,54.3378500000031,62.983699999999
8694,宽城区,2,53.6180000000002,56.291233333333
8695,宽城区,1,55.6299000000031,60.0526333333325
8696,宽城区,1,54.7573500000027,60.3406000000012
8697,宽城区,1,55.6038500000007,61.0065000000001
8709,经开区,1,82.5351000000012,43.8522333333324
8721,二道区,1,75.407975000001,57.5285666666664
9121,二道区,1,72.0915750000017,47.0437999999997
9138,汽开区,2,43.5145500000012,43.5878666666672
9147,汽开区,1,41.9653000000011,43.6314666666675
9162,汽开区,1,42.2452,43.5781000000001
9164,汽开区,1,43.6865750000024,44.0931333333339
9168,经开区,1,67.6631500000013,29.2178333333339
9169,经开区,1,67.6061000000026,34.9095333333338
9171,二道区,1,67.5404250000007,39.1101333333334
9179,经开区,1,67.551550000001,35.8405333333328
9186,二道区,2,67.3438750000024,53.8533333333338
9195,绿园区,1,46.5659000000009,57.3782333333336
9198,绿园区,1,44.2892500000021,45.4406666666666
9199,绿园区,2,43.8751750000002,44.6064666666667
9204,绿园区,1,45.2501000000005,47.2630000000009
9208,绿园区,3,46.1926500000018,50.4600999999999
9212,绿园区,1,46.5648250000008,54.1380333333332
9226,绿园区,1,46.6718000000022,57.8890999999994
9230,绿园区,1,46.8070249999997,56.8463333333327
9260,宽城区,1,57.984525000002,56.7418333333336
9262,长春新区(高新),1,32.6462999999997,15.6609000000003
9273,朝阳区,1,49.5601250000028,30.8911000000004
9324,南关区,2,52.430300000001,15.3095666666658
9330,净月区,1,67.1765999999998,9.69773333333279
9332,净月区,1,67.1460250000031,11.6276333333332
9338,长春新区(高新),1,46.9282500000006,25.9474333333335
9409,绿园区,1,30.4826250000012,46.0824999999995
9417,宽城区,3,51.8030500000002,67.4650333333323
9418,宽城区,1,50.2476750000014,69.3922333333343
9438,绿园区,1,29.7169250000024,42.2303333333337
9445,绿园区,1,29.3006000000027,45.1436333333343
9447,绿园区,1,31.7417000000013,45.1513999999994
9484,南关区,1,59.7401000000026,21.2673333333342
9486,南关区,1,59.1121000000001,15.7219999999991
9490,南关区,1,61.0769500000004,20.9774333333333
9493,南关区,1,60.2938750000028,19.7582666666657
9528,净月区,1,67.1113000000005,21.4385666666672
9535,净月区,1,70.1580250000014,21.6724333333337
9536,净月区,1,68.9131750000023,20.4886333333339
9537,净月区,1,67.5732000000018,19.1836000000005
9557,净月区,1,77.2286750000006,4.28023333333272
9559,净月区,1,75.5336,5.41570000000036
9573,宽城区,1,58.4351500000011,66.8131333333335
9599,经开区,1,83.5068500000027,44.4358666666673
9601,经开区,1,84.0024750000019,45.7137666666678
9673,朝阳区,1,40.0903000000028,33.2490666666677
9674,朝阳区,1,39.9633500000007,32.6850000000007
9692,长春新区(高新),1,41.5383750000018,14.6706666666674
9701,净月区,1,65.8988250000014,25.7880999999998
9705,二道区,3,72.2403250000028,45.9226333333334
9706,二道区,1,71.7068500000018,49.5204333333324
9709,二道区,1,72.0094750000015,43.2963333333329
9714,汽开区,1,31.8084750000018,38.8242000000005
9744,净月区,1,67.0919249999997,25.0330999999993
9747,朝阳区,1,38.9009500000022,32.6708000000006
9762,二道区,1,67.3370500000026,48.2210000000004
9775,经开区,1,74.7018750000024,43.2901000000001
9776,经开区,4,76.8702000000019,43.1526666666666
9792,经开区,1,75.8569250000001,41.0387333333328
9799,经开区,1,75.8418250000013,38.4991000000004
9800,经开区,1,75.9665500000004,38.5029666666673
9802,二道区,1,67.4395000000025,50.7308333333327
9811,经开区,1,67.6194000000017,36.4375333333342
9816,朝阳区,1,42.3144750000013,36.0681666666665
9821,南关区,1,53.6623250000012,15.2625333333323
9823,南关区,1,53.0466500000024,15.3013666666671
9827,南关区,1,48.2085750000003,19.3932333333322
9847,南关区,1,58.3749000000005,26.4770666666673
9849,朝阳区,1,42.7271750000031,34.1073333333336
9878,净月区,1,72.2326250000016,11.8788000000005
9901,长春新区(高新),1,33.2455750000023,1.72669999999897
9902,长春新区(高新),1,40.3793000000015,20.005
9916,汽开区,1,39.1620500000016,40.283900000001
9927,朝阳区,2,46.7250750000012,32.3789666666675
